ID,SMILES,exp,InChi
1,CCCCCC,-3.84,"InChI=1/C6H14/c1-3-5-6-4-2/h3-6H2,1-2H3"
2,CCC(C)CC,-3.68,"InChI=1/C6H14/c1-4-6(3)5-2/h6H,4-5H2,1-3H3"
3,C1CCCCC1,-3.1,InChI=1/C6H12/c1-2-4-6-5-3-1/h1-6H2
4,CC(C)CC(C)C,-4.26,"InChI=1/C7H16/c1-6(2)5-7(3)4/h6-7H,5H2,1-4H3"
5,CCCCCCCC,-5.24,"InChI=1/C8H18/c1-3-5-7-8-6-4-2/h3-8H2,1-2H3"
6,C1CCCCCCC1,-4.15,InChI=1/C8H16/c1-2-4-6-8-7-5-3-1/h1-8H2
7,C/C=C/CC,-2.54,"InChI=1/C5H10/c1-3-5-4-2/h3,5H,4H2,1-2H3/b5-3+"
8,C=CCC(C)C,-3.24,"InChI=1/C6H12/c1-4-5-6(2)3/h4,6H,1,5H2,2-3H3"
9,C=CCCCCCCC,-5.05,"InChI=1/C9H18/c1-3-5-7-9-8-6-4-2/h3H,1,4-9H2,2H3"
10,C=CCC=C,-2.09,"InChI=1/C5H8/c1-3-5-4-2/h3-4H,1-2,5H2"
11,C=CCCC=C,-2.68,"InChI=1/C6H10/c1-3-5-6-4-2/h3-4H,1-2,5-6H2"
12,C=CC=C,-1.87,"InChI=1/C4H6/c1-3-4-2/h3-4H,1-2H2"
13,C1=CCC=CC1,-1.97,"InChI=1/C6H8/c1-2-4-6-5-3-1/h1-2,5-6H,3-4H2"
14,C#CCCCCCC,-3.66,"InChI=1/C8H14/c1-3-5-7-8-6-4-2/h1H,4-8H2,2H3"
15,C#CCCCCCCC,-4.24,"InChI=1/C9H16/c1-3-5-7-9-8-6-4-2/h1H,4-9H2,2H3"
16,Cc1ccc(C)cc1,-2.77,"InChI=1/C8H10/c1-7-3-5-8(2)6-4-7/h3-6H,1-2H3"
17,Cc1cccc(C)c1,-2.82,"InChI=1/C8H10/c1-7-4-3-5-8(2)6-7/h3-6H,1-2H3"
18,Cc1cc(C)cc(C)c1,-3.4,"InChI=1/C9H12/c1-7-4-8(2)6-9(3)5-7/h4-6H,1-3H3"
19,Cc1cccc(C)c1C,-3.2,"InChI=1/C9H12/c1-7-5-4-6-8(2)9(7)3/h4-6H,1-3H3"
20,CCc1ccc(C)cc1,-3.11,"InChI=1/C9H12/c1-3-9-6-4-8(2)5-7-9/h4-7H,3H2,1-2H3"
21,CC(C)c1ccccc1,-3.27,"InChI=1/C9H12/c1-8(2)9-6-4-3-5-7-9/h3-8H,1-2H3"
22,CCCCc1ccccc1,-4.06,"InChI=1/C10H14/c1-2-3-7-10-8-5-4-6-9-10/h4-6,8-9H,2-3,7H2,1H3"
23,CCc1ccc(CC)cc1,-3.75,"InChI=1/C10H14/c1-3-9-5-7-10(4-2)8-6-9/h5-8H,3-4H2,1-2H3"
24,CC[C@@H](C)c1ccccc1,-3.89,"InChI=1/C10H14/c1-3-9(2)10-7-5-4-6-8-10/h4-9H,3H2,1-2H3/t9-/m1/s1"
25,Cc1cc(C)c(C)c(C)c1C,-4,"InChI=1/C11H16/c1-7-6-8(2)10(4)11(5)9(7)3/h6H,1-5H3"
26,CCC(C)(C)c1ccccc1,-4.15,"InChI=1/C11H16/c1-4-11(2,3)10-8-6-5-7-9-10/h5-9H,4H2,1-3H3"
27,CCCCCCc1ccccc1,-5.21,"InChI=1/C12H18/c1-2-3-4-6-9-12-10-7-5-8-11-12/h5,7-8,10-11H,2-4,6,9H2,1H3"
28,C=Cc1ccccc1,-2.82,"InChI=1/C8H8/c1-2-8-6-4-3-5-7-8/h2-7H,1H2"
29,c1ccc(cc1)CCc1ccccc1,-4.62,"InChI=1/C14H14/c1-3-7-13(8-4-1)11-12-14-9-5-2-6-10-14/h1-10H,11-12H2"
30,Cc1ccc2ccccc2c1,-3.77,"InChI=1/C11H10/c1-9-6-7-10-4-2-3-5-11(10)8-9/h2-8H,1H3"
31,CCc1cccc2ccccc12,-4.17,"InChI=1/C12H12/c1-2-10-7-5-8-11-6-3-4-9-12(10)11/h3-9H,2H2,1H3"
32,CCc1ccc2ccccc2c1,-4.29,"InChI=1/C12H12/c1-2-10-7-8-11-5-3-4-6-12(11)9-10/h3-9H,2H2,1H3"
33,Cc1ccc(C)c2ccccc12,-4.14,"InChI=1/C12H12/c1-9-7-8-10(2)12-6-4-3-5-11(9)12/h3-8H,1-2H3"
34,Cc1ccc2cc(C)ccc2c1,-4.89,"InChI=1/C12H12/c1-9-3-5-12-8-10(2)4-6-11(12)7-9/h3-8H,1-2H3"
35,Cc1ccc(C)c2c(C)cccc12,-4.92,"InChI=1/C13H14/c1-9-7-8-11(3)13-10(2)5-4-6-12(9)13/h4-8H,1-3H3"
36,c1ccc2c(c1)ccc1ccccc21,-5.26,InChI=1/C14H10/c1-3-7-13-11(5-1)9-10-12-6-2-4-8-14(12)13/h1-10H
37,Cc1c2ccccc2cc2ccccc12,-5.89,"InChI=1/C15H12/c1-11-14-8-4-2-6-12(14)10-13-7-3-5-9-15(11)13/h2-10H,1H3"
38,c1ccc2c(c1)c1cccc3cccc2c13,-6,InChI=1/C16H10/c1-2-8-13-12(7-1)14-9-3-5-11-6-4-10-15(13)16(11)14/h1-10H
39,c1ccc2cc3c(cc2c1)Cc1ccccc31,-8.04,"InChI=1/C17H12/c1-2-6-13-11-17-15(9-12(13)5-1)10-14-7-3-4-8-16(14)17/h1-9,11H,10H2"
40,c1ccc2c(c1)c1ccccc1c1ccccc21,-6.74,InChI=1/C18H12/c1-2-8-14-13(7-1)15-9-3-4-11-17(15)18-12-6-5-10-16(14)18/h1-12H
41,c1ccc2c(c1)cc1ccc3cccc4ccc2c1c34,-8.19,InChI=1/C20H12/c1-2-7-17-15(4-1)12-16-9-8-13-5-3-6-14-10-11-18(17)20(16)19(13)14/h1-12H
42,Cc1c2ccccc2c(C)c2c1ccc1ccccc21,-7.02,"InChI=1/C20H16/c1-13-16-8-5-6-9-17(16)14(2)20-18(13)12-11-15-7-3-4-10-19(15)20/h3-12H,1-2H3"
43,c1ccc2c(c1)c1cccc3ccc4cccc2c4c13,-7.8,InChI=1/C20H12/c1-2-8-16-15(7-1)17-9-3-5-13-11-12-14-6-4-10-18(16)20(14)19(13)17/h1-12H
44,c1ccc2c(c1)ccc1c3ccccc3ccc21,-8.06,InChI=1/C18H12/c1-3-7-15-13(5-1)9-11-18-16-8-4-2-6-14(16)10-12-17(15)18/h1-12H
45,c1cc2cccc3c4cccc5cccc(c(c1)c23)c45,-8.8,InChI=1/C20H12/c1-5-13-6-2-11-17-18-12-4-8-14-7-3-10-16(20(14)18)15(9-1)19(13)17/h1-12H
46,c1cc2ccc3ccc4ccc5cccc6c(c1)c2c3c4c56,-9.03,InChI=1/C22H12/c1-3-13-7-9-15-11-12-16-10-8-14-4-2-6-18-17(5-1)19(13)21(15)22(16)20(14)18/h1-12H
47,c1ccc2cc3cc(ccc3cc2c1)N,-5.17,"InChI=1/C14H11N/c15-14-6-5-12-7-10-3-1-2-4-11(10)8-13(12)9-14/h1-9H,15H2"
48,CCc1ccc2cc3ccccc3cc2c1,-6.89,"InChI=1/C16H14/c1-2-12-7-8-15-10-13-5-3-4-6-14(13)11-16(15)9-12/h3-11H,2H2,1H3"
49,c1ccc2c(c1)ccc1c3cccc4cccc(c34)c21,-8,InChI=1/C20H12/c1-2-8-15-13(5-1)11-12-17-16-9-3-6-14-7-4-10-18(19(14)16)20(15)17/h1-12H
50,c1ccc2cc3c4cccc5cccc(c3cc2c1)c45,-8.49,InChI=1/C20H12/c1-2-6-15-12-19-17-10-4-8-13-7-3-9-16(20(13)17)18(19)11-14(15)5-1/h1-12H
51,C(Br)Cl,-0.89,InChI=1/CH2BrCl/c2-1-3/h1H2
52,C(Br)Br,-1.17,InChI=1/CH2Br2/c2-1-3/h1H2
53,C(Cl)(Cl)Cl,-1.17,InChI=1/CHCl3/c2-1(3)4/h1H
54,C(Br)(Br)Cl,-1.9,InChI=1/CHBr2Cl/c2-1(3)4/h1H
55,C(Cl)(Cl)(Cl)Cl,-2.31,"InChI=1/CCl4/c2-1(3,4)5"
56,C(Br)(Br)(Br)Br,-3.14,"InChI=1/CBr4/c2-1(3,4)5"
57,CC(Cl)Cl,-1.29,"InChI=1/C2H4Cl2/c1-2(3)4/h2H,1H3"
58,C(CCl)Br,-1.32,InChI=1/C2H4BrCl/c3-1-2-4/h1-2H2
59,C(C(Cl)Cl)Cl,-1.48,"InChI=1/C2H3Cl3/c3-1-2(4)5/h2H,1H2"
60,C(C(Cl)Cl)(Cl)Cl,-1.74,InChI=1/C2H2Cl4/c3-1(4)2(5)6/h1-2H
61,C(C(Cl)(Cl)Cl)(Cl)(Cl)Cl,-3.67,"InChI=1/C2Cl6/c3-1(4,5)2(6,7)8"
62,CCCBr,-1.73,"InChI=1/C3H7Br/c1-2-3-4/h2-3H2,1H3"
63,C(CBr)CBr,-2.08,InChI=1/C3H6Br2/c4-2-1-3-5/h1-3H2
64,C([C@@H](CCl)Br)Br,-2.38,"InChI=1/C3H5Br2Cl/c4-1-3(5)2-6/h3H,1-2H2/t3-/m0/s1"
65,CC[C@@H](C)Cl,-1.96,"InChI=1/C4H9Cl/c1-3-4(2)5/h4H,3H2,1-2H3/t4-/m1/s1"
66,CCCCBr,-2.37,"InChI=1/C4H9Br/c1-2-3-4-5/h2-4H2,1H3"
67,CC(C)CBr,-2.43,"InChI=1/C4H9Br/c1-4(2)3-5/h4H,3H2,1-2H3"
68,CCCCCCl,-2.73,"InChI=1/C5H11Cl/c1-2-3-4-5-6/h2-5H2,1H3"
69,CCC(CC)Cl,-2.63,"InChI=1/C5H11Cl/c1-3-5(6)4-2/h5H,3-4H2,1-2H3"
70,C[C@H](C(C)(C)Cl)Cl,-2.69,"InChI=1/C5H10Cl2/c1-4(6)5(2,3)7/h4H,1-3H3/t4-/m1/s1"
71,CCCCCBr,-3.07,"InChI=1/C5H11Br/c1-2-3-4-5-6/h2-5H2,1H3"
72,CCCCCCCCBr,-5.06,"InChI=1/C8H17Br/c1-2-3-4-5-6-7-8-9/h2-8H2,1H3"
73,C(C(Cl)(F)F)(Cl)(F)F,-3.12,"InChI=1/C2Cl2F4/c3-1(5,6)2(4,7)8"
74,[C@@H]1([C@@H]([C@@H]([C@@H]([C@H]([C@H]1Cl)Cl)Cl)Cl)Cl)Cl,-4.51,"InChI=1/C6H6Cl6/c7-1-2(8)4(10)6(12)5(11)3(1)9/h1-6H/t1-,2-,3-,4-,5-,6-"
75,CCCCCCCBr,-4.43,"InChI=1/C7H15Br/c1-2-3-4-5-6-7-8/h2-7H2,1H3"
76,CCCCCCCCl,-3.99,"InChI=1/C7H15Cl/c1-2-3-4-5-6-7-8/h2-7H2,1H3"
77,C(=C(Cl)Cl)(Cl)Cl,-2.54,InChI=1/C2Cl4/c3-1(4)2(5)6
78,C1=C[C@@H]2C[C@H]1[C@@H]1[C@H]2[C@@]2(C(=C([C@]1(C2(Cl)Cl)Cl)Cl)Cl)Cl,-7.33,"InChI=1/C12H8Cl6/c13-8-9(14)11(16)7-5-2-1-4(3-5)6(7)10(8,15)12(11,17)18/h1-2,4-7H,3H2/t4-,5+,6+,7-,10+,11-"
79,C1[C@H]2[C@@H]3[C@H]([C@@H]1[C@H]1[C@@H]2O1)[C@@]1(C(=C([C@]3(C1(Cl)Cl)Cl)Cl)Cl)Cl,-6.18,"InChI=1/C12H8Cl6O/c13-8-9(14)11(16)5-3-1-2(6-7(3)19-6)4(5)10(8,15)12(11,17)18/h2-7H,1H2/t2-,3+,4+,5-,6+,7-,10+,11-"
80,C=CCBr,-1.5,"InChI=1/C3H5Br/c1-2-3-4/h2H,1,3H2"
81,C(=C(\C(=C(Cl)Cl)Cl)/Cl)\Cl,-4.23,InChI=1/C4HCl5/c5-1-2(6)3(7)4(8)9/h1H/b2-1+
82,c1ccc(cc1)Cl,-2.38,InChI=1/C6H5Cl/c7-6-4-2-1-3-5-6/h1-5H
83,c1cc(ccc1F)I,-3.13,InChI=1/C6H4FI/c7-5-1-3-6(8)4-2-5/h1-4H
84,c1cc(cc(c1)Cl)Br,-3.21,InChI=1/C6H4BrCl/c7-5-2-1-3-6(8)4-5/h1-4H
85,c1cc(ccc1Br)Cl,-3.63,InChI=1/C6H4BrCl/c7-5-1-3-6(8)4-2-5/h1-4H
86,c1ccc(c(c1)Br)Br,-3.5,InChI=1/C6H4Br2/c7-5-3-1-2-4-6(5)8/h1-4H
87,c1cc(c(c(c1)Cl)Cl)Cl,-4,InChI=1/C6H3Cl3/c7-4-2-1-3-5(8)6(4)9/h1-3H
88,c1c(cc(cc1Cl)Cl)Cl,-4.48,InChI=1/C6H3Cl3/c7-4-1-5(8)3-6(9)2-4/h1-3H
89,c1cc(c(c(c1)Br)Br)Br,-5.04,InChI=1/C6H3Br3/c7-4-2-1-3-5(8)6(4)9/h1-3H
90,c1c(c(cc(c1F)F)F)F,-2.38,InChI=1/C6H2F4/c7-3-1-4(8)6(10)2-5(3)9/h1-2H
91,c1cc(c(c(c1Cl)Cl)Cl)Cl,-4.57,InChI=1/C6H2Cl4/c7-3-1-2-4(8)6(10)5(3)9/h1-2H
92,c1c(c(c(c(c1Cl)Cl)Cl)Cl)Cl,-5.65,InChI=1/C6HCl5/c7-2-1-3(8)5(10)6(11)4(2)9/h1H
93,Cc1ccc(cc1)Br,-3.19,"InChI=1/C7H7Br/c1-6-2-4-7(8)5-3-6/h2-5H,1H3"
94,c1cc(ccc1F)F,-1.97,InChI=1/C6H4F2/c7-5-1-2-6(8)4-3-5/h1-4H
95,c1ccc(cc1)CCl,-2.39,"InChI=1/C7H7Cl/c8-6-7-4-2-1-3-5-7/h1-5H,6H2"
96,Cc1ccc(cc1)Cl,-3.08,"InChI=1/C7H7Cl/c1-6-2-4-7(8)5-3-6/h2-5H,1H3"
97,c1ccc(cc1)c1ccccc1Cl,-4.54,InChI=1/C12H9Cl/c13-12-9-5-4-8-11(12)10-6-2-1-3-7-10/h1-9H
98,c1cc(cc(c1)Cl)c1cccc(c1)Cl,-5.8,InChI=1/C12H8Cl2/c13-11-5-1-3-9(7-11)10-4-2-6-12(14)8-10/h1-8H
99,c1ccc(cc1)c1ccc(c(c1)Cl)Cl,-6.39,InChI=1/C12H8Cl2/c13-11-7-6-10(8-12(11)14)9-4-2-1-3-5-9/h1-8H
100,c1ccc(cc1)c1cc(c(cc1Cl)Cl)Cl,-6.27,InChI=1/C12H7Cl3/c13-10-7-12(15)11(14)6-9(10)8-4-2-1-3-5-8/h1-7H
101,c1ccc(cc1)c1c(cc(cc1Cl)Cl)Cl,-6.14,InChI=1/C12H7Cl3/c13-9-6-10(14)12(11(15)7-9)8-4-2-1-3-5-8/h1-7H
102,c1cc(cc(c1)Cl)c1cc(ccc1Cl)Cl,-6.01,InChI=1/C12H7Cl3/c13-9-3-1-2-8(6-9)11-7-10(14)4-5-12(11)15/h1-7H
103,c1ccc(c(c1)c1ccc(c(c1)Cl)Cl)Cl,-6.29,InChI=1/C12H7Cl3/c13-10-4-2-1-3-9(10)8-5-6-11(14)12(15)7-8/h1-7H
104,c1cc(ccc1c1ccc(cc1Cl)Cl)Cl,-6.21,InChI=1/C12H7Cl3/c13-9-3-1-8(2-4-9)11-6-5-10(14)7-12(11)15/h1-7H
105,c1cc(c2cc(ccc2Cl)Cl)c(c(c1)Cl)Cl,-6.47,InChI=1/C12H6Cl4/c13-7-4-5-10(14)9(6-7)8-2-1-3-11(15)12(8)16/h1-6H
106,c1cc(c(cc1Cl)c1cc(ccc1Cl)Cl)Cl,-7,InChI=1/C12H6Cl4/c13-7-1-3-11(15)9(5-7)10-6-8(14)2-4-12(10)16/h1-6H
107,c1cc(c(c2cc(ccc2Cl)Cl)c(c1)Cl)Cl,-6.8,InChI=1/C12H6Cl4/c13-7-4-5-9(14)8(6-7)12-10(15)2-1-3-11(12)16/h1-6H
108,c1cc(c(c(c1)Cl)c1c(cccc1Cl)Cl)Cl,-7.39,InChI=1/C12H6Cl4/c13-7-3-1-4-8(14)11(7)12-9(15)5-2-6-10(12)16/h1-6H
109,c1cc(c2ccc(c(c2Cl)Cl)Cl)c(c(c1)Cl)Cl,-7.05,InChI=1/C12H5Cl5/c13-8-3-1-2-6(10(8)15)7-4-5-9(14)12(17)11(7)16/h1-5H
110,c1cc(c(cc1c1cc(c(cc1Cl)Cl)Cl)Cl)Cl,-7.39,InChI=1/C12H5Cl5/c13-8-2-1-6(3-10(8)15)7-4-11(16)12(17)5-9(7)14/h1-5H
111,c1ccc(cc1)c1c(c(c(c(c1Cl)Cl)Cl)Cl)Cl,-7.92,InChI=1/C12H5Cl5/c13-8-7(6-4-2-1-3-5-6)9(14)11(16)12(17)10(8)15/h1-5H
112,c1cc(c(c(c1c1cc(c(cc1Cl)Cl)Cl)Cl)Cl)Cl,-8.32,InChI=1/C12H4Cl6/c13-7-2-1-5(11(17)12(7)18)6-3-9(15)10(16)4-8(6)14/h1-4H
113,c1cc(c(cc1Cl)c1cc(c(c(c1Cl)Cl)Cl)Cl)Cl,-7.68,InChI=1/C12H4Cl6/c13-5-1-2-8(14)6(3-5)7-4-9(15)11(17)12(18)10(7)16/h1-4H
114,c1cc(c(cc1Cl)c1c(c(cc(c1Cl)Cl)Cl)Cl)Cl,-7.42,InChI=1/C12H4Cl6/c13-5-1-2-7(14)6(3-5)10-11(17)8(15)4-9(16)12(10)18/h1-4H
115,c1c(cc(c(c1Cl)c1c(cc(cc1Cl)Cl)Cl)Cl)Cl,-8.71,InChI=1/C12H4Cl6/c13-5-1-7(15)11(8(16)2-5)12-9(17)3-6(14)4-10(12)18/h1-4H
116,c1cc(c(cc1c1c(cc(c(c1Cl)Cl)Cl)Cl)Cl)Cl,-7.66,InChI=1/C12H4Cl6/c13-6-2-1-5(3-7(6)14)10-8(15)4-9(16)11(17)12(10)18/h1-4H
117,c1cc(c(c(c1c1ccc(c(c1Cl)Cl)Cl)Cl)Cl)Cl,-8.01,InChI=1/C12H4Cl6/c13-7-3-1-5(9(15)11(7)17)6-2-4-8(14)12(18)10(6)16/h1-4H
118,c1c(c(cc(c1Cl)Cl)Cl)c1c(cc(c(c1Cl)Cl)Cl)Cl,-7.92,InChI=1/C12H3Cl7/c13-5-2-7(15)6(14)1-4(5)10-8(16)3-9(17)11(18)12(10)19/h1-3H
119,c1cc(c(cc1Cl)c1c(c(c(c(c1Cl)Cl)Cl)Cl)Cl)Cl,-8.94,InChI=1/C12H3Cl7/c13-4-1-2-6(14)5(3-4)7-8(15)10(17)12(19)11(18)9(7)16/h1-3H
120,c1c(c2cc(c(c(c2Cl)Cl)Cl)Cl)c(c(c(c1Cl)Cl)Cl)Cl,-9.16,InChI=1/C12H2Cl8/c13-5-1-3(7(15)11(19)9(5)17)4-2-6(14)10(18)12(20)8(4)16/h1-2H
121,c1c(c2c(c(c(c(c2Cl)Cl)Cl)Cl)Cl)c(c(c(c1Cl)Cl)Cl)Cl,-10.26,InChI=1/C12HCl9/c13-3-1-2(5(14)9(18)6(3)15)4-7(16)10(19)12(21)11(20)8(4)17/h1H
122,c1c(c(c(c2c(c(c(c(c2Cl)Cl)Cl)Cl)Cl)c(c1Cl)Cl)Cl)Cl,-10.41,InChI=1/C12HCl9/c13-2-1-3(14)7(16)4(6(2)15)5-8(17)10(19)12(21)11(20)9(5)18/h1H
123,c1cc(ccc1C(c1ccc(cc1)Cl)C(Cl)Cl)Cl,-7.2,"InChI=1/C14H10Cl4/c15-11-5-1-9(2-6-11)13(14(17)18)10-3-7-12(16)8-4-10/h1-8,13-14H"
124,CCC(CC)O,-0.24,"InChI=1/C5H12O/c1-3-5(6)4-2/h5-6H,3-4H2,1-2H3"
125,CCC(C)(C)O,0.08,"InChI=1/C5H12O/c1-4-5(2,3)6/h6H,4H2,1-3H3"
126,CC(C)[C@@H](C)O,-0.2,"InChI=1/C5H12O/c1-4(2)5(3)6/h4-6H,1-3H3/t5-/m1/s1"
127,CCCC[C@@H](C)O,-0.89,"InChI=1/C6H14O/c1-3-4-5-6(2)7/h6-7H,3-5H2,1-2H3/t6-/m1/s1"
128,CC(C)[C@@H](C)CO,-0.39,"InChI=1/C6H14O/c1-5(2)6(3)4-7/h5-7H,4H2,1-3H3/t6-/m0/s1"
129,CC[C@H](C(C)C)O,-0.7,"InChI=1/C6H14O/c1-4-6(7)5(2)3/h5-7H,4H2,1-3H3/t6-/m1/s1"
130,CC(C)(C)CCO,-0.5,"InChI=1/C6H14O/c1-6(2,3)4-5-7/h7H,4-5H2,1-3H3"
131,C[C@H](C(C)(C)C)O,-0.62,"InChI=1/C6H14O/c1-5(7)6(2,3)4/h5,7H,1-4H3/t5-/m1/s1"
132,CCC(C)(CC)O,-0.38,"InChI=1/C6H14O/c1-4-6(3,7)5-2/h7H,4-5H2,1-3H3"
133,CCCCCCCO,-1.81,"InChI=1/C7H16O/c1-2-3-4-5-6-7-8/h8H,2-7H2,1H3"
134,CCCC[C@@H](CC)O,-1.47,"InChI=1/C7H16O/c1-3-5-6-7(8)4-2/h7-8H,3-6H2,1-2H3/t7-/m1/s1"
135,CC(C)C[C@H](C)CO,-1.6,"InChI=1/C7H16O/c1-6(2)4-7(3)5-8/h6-8H,4-5H2,1-3H3/t7-/m0/s1"
136,CCCCC(C)(C)O,-1.08,"InChI=1/C7H16O/c1-4-5-6-7(2,3)8/h8H,4-6H2,1-3H3"
137,CC(C)C(C(C)C)O,-1.22,"InChI=1/C7H16O/c1-5(2)7(8)6(3)4/h5-8H,1-4H3"
138,CC[C@@H](C)C(C)(C)O,-0.89,"InChI=1/C7H16O/c1-5-6(2)7(3,4)8/h6,8H,5H2,1-4H3/t6-/m1/s1"
139,CC(C)(C)C(C)(C)O,-0.72,"InChI=1/C7H16O/c1-6(2,3)7(4,5)8/h8H,1-5H3"
140,CCC(C)(CC)O,-1.6,"InChI=1/C6H14O/c1-4-6(3,7)5-2/h7H,4-5H2,1-3H3"
141,CC[C@@](C)(C(C)(C)C)O,-1.27,"InChI=1/C8H18O/c1-6-8(5,9)7(2,3)4/h9H,6H2,1-5H3/t8-/m0/s1"
142,CCCCCC(C)(C)O,-1.72,"InChI=1/C8H18O/c1-4-5-6-7-8(2,3)9/h9H,4-7H2,1-3H3"
143,CCCCCCCCCCCCO,-4.67,"InChI=1/C12H26O/c1-2-3-4-5-6-7-8-9-10-11-12-13/h13H,2-12H2,1H3"
144,c1ccc(cc1)CCCO,-1.38,"InChI=1/C9H12O/c10-8-4-7-9-5-2-1-3-6-9/h1-3,5-6,10H,4,7-8H2"
145,CCCCCCCCCO,-3.01,"InChI=1/C9H20O/c1-2-3-4-5-6-7-8-9-10/h10H,2-9H2,1H3"
146,C[C@H]1CC[C@H](CC1)O,-0.88,"InChI=1/C7H14O/c1-6-2-4-7(8)5-3-6/h6-8H,2-5H2,1H3/t6-,7+"
147,c1cc(cc(c1)O)O,0.81,"InChI=1/C6H6O2/c7-5-2-1-3-6(8)4-5/h1-4,7-8H"
148,c1cc(ccc1O)O,-0.17,"InChI=1/C6H6O2/c7-5-1-2-6(8)4-3-5/h1-4,7-8H"
149,Cc1ccccc1O,-0.62,"InChI=1/C7H8O/c1-6-4-2-3-5-7(6)8/h2-5,8H,1H3"
150,c1ccc(cc1)CO,-0.4,"InChI=1/C7H8O/c8-6-7-4-2-1-3-5-7/h1-5,8H,6H2"
151,Cc1cccc(c1)O,-0.68,"InChI=1/C7H8O/c1-6-3-2-4-7(8)5-6/h2-5,8H,1H3"
152,Cc1ccc(c(C)c1)O,-1.19,"InChI=1/C8H10O/c1-6-3-4-8(9)7(2)5-6/h3-5,9H,1-2H3"
153,Cc1cc(C)cc(c1)O,-1.4,"InChI=1/C8H10O/c1-6-3-7(2)5-8(9)4-6/h3-5,9H,1-2H3"
154,CC(C)(C)c1ccc(cc1)O,-2.41,"InChI=1/C10H14O/c1-10(2,3)8-4-6-9(11)7-5-8/h4-7,11H,1-3H3"
155,c1ccc2c(c1)cccc2O,-2.22,"InChI=1/C10H8O/c11-10-7-3-5-8-4-1-2-6-9(8)10/h1-7,11H"
156,c1cc2c(cccc2O)c(c1)O,-2.92,"InChI=1/C10H8O2/c11-9-5-1-3-7-8(9)4-2-6-10(7)12/h1-6,11-12H"
157,c1ccc(cc1)c1ccccc1O,-2.39,"InChI=1/C12H10O/c13-12-9-5-4-8-11(12)10-6-2-1-3-7-10/h1-9,13H"
158,CCCCCC=O,-1.3,"InChI=1/C6H12O/c1-2-3-4-5-6-7/h6H,2-5H2,1H3"
159,CCCCCCCCC=O,-3.17,"InChI=1/C9H18O/c1-2-3-4-5-6-7-8-9-10/h9H,2-8H2,1H3"
160,c1ccc(cc1)C=O,-1.19,InChI=1/C7H6O/c8-6-7-4-2-1-3-5-7/h1-6H
161,C1CCC(=O)CC1,-0.6,InChI=1/C6H10O/c7-6-4-2-1-3-5-6/h1-5H2
162,CCCCCC(=O)C,-1.42,"InChI=1/C7H14O/c1-3-4-5-6-7(2)8/h3-6H2,1-2H3"
163,CCCCC(=O)CCCC,-2.59,"InChI=1/C9H18O/c1-3-5-7-9(10)8-6-4-2/h3-8H2,1-2H3"
164,CC(C)CCC(=O)C,-1.33,"InChI=1/C7H14O/c1-6(2)4-5-7(3)8/h6H,4-5H2,1-3H3"
165,C1=CC(=O)C=CC1=O,-0.99,InChI=1/C6H4O2/c7-5-1-2-6(8)4-3-5/h1-4H
166,CC(=O)CC(=O)C,0.22,"InChI=1/C5H8O2/c1-4(6)3-5(2)7/h3H2,1-2H3"
167,CCCCCCCCC(=O)C,-3.31,"InChI=1/C10H20O/c1-3-4-5-6-7-8-9-10(2)11/h3-9H2,1-2H3"
168,CC(=O)[C@@H]1CC[C@H]2[C@@H]3CCC4=CC(=O)CC[C@]4(C)[C@H]3CC[C@]12C,-4.43,"InChI=1/C21H30O2/c1-13(22)17-6-7-18-16-5-4-14-12-15(23)8-10-20(14,2)19(16)9-11-21(17,18)3/h12,16-19H,4-11H2,1-3H3/t16-,17-,18-,19-,20-,21+/m0/s1"
169,c1ccc2c(c1)C(=O)c1ccccc1C2=O,-5.19,InChI=1/C14H8O2/c15-13-9-5-1-2-6-10(9)14(16)12-8-4-3-7-11(12)13/h1-8H
170,C(CC(=O)O)CC(=O)O,1,"InChI=1/C5H8O4/c6-4(7)2-1-3-5(8)9/h1-3H2,(H,6,7)(H,8,9)/f/h6,8H"
171,C(CCC(=O)O)CC(=O)O,-0.82,"InChI=1/C6H10O4/c7-5(8)3-1-2-4-6(9)10/h1-4H2,(H,7,8)(H,9,10)/f/h7,9H"
172,CCCCCCCC(=O)O,-2.3,"InChI=1/C8H16O2/c1-2-3-4-5-6-7-8(9)10/h2-7H2,1H3,(H,9,10)/f/h9H"
173,CCCCCCCCCC(=O)O,-3.44,"InChI=1/C10H20O2/c1-2-3-4-5-6-7-8-9-10(11)12/h2-9H2,1H3,(H,11,12)/f/h11H"
174,c1ccc(cc1)C(=O)O,-1.55,"InChI=1/C7H6O2/c8-7(9)6-4-2-1-3-5-6/h1-5H,(H,8,9)/f/h8H"
175,c1ccc(c(c1)C(=O)O)C(=O)O,-2.11,"InChI=1/C8H6O4/c9-7(10)5-3-1-2-4-6(5)8(11)12/h1-4H,(H,9,10)(H,11,12)/f/h9,11H"
176,CCCCCCCCCCCCCCCC(=O)O,-6.81,"InChI=1/C16H32O2/c1-2-3-4-5-6-7-8-9-10-11-12-13-14-15-16(17)18/h2-15H2,1H3,(H,17,18)/f/h17H"
177,C=C1C[C@]23C[C@]1(CC[C@H]2[C@]12C=C[C@@H]([C@](C)([C@H]1[C@@H]3C(=O)O)C(=O)O2)O)O,-1.84,"InChI=1/C19H22O6/c1-9-7-17-8-18(9,24)5-3-10(17)19-6-4-11(20)16(2,15(23)25-19)13(19)12(17)14(21)22/h4,6,10-13,20,24H,1,3,5,7-8H2,2H3,(H,21,22)/t10-,11+,12-,13-,16-,17+,18+,19-/m1/s1/f/h21H"
178,CCC(CC)C(=O)O,-0.81,"InChI=1/C6H12O2/c1-3-5(4-2)6(7)8/h5H,3-4H2,1-2H3,(H,7,8)/f/h7H"
179,CCCC(CCC)C(=O)O,-1.86,"InChI=1/C8H16O2/c1-3-5-7(6-4-2)8(9)10/h7H,3-6H2,1-2H3,(H,9,10)/f/h9H"
180,c1ccc(cc1)OCC(=O)O,-1.1,"InChI=1/C8H8O3/c9-8(10)6-11-7-4-2-1-3-5-7/h1-5H,6H2,(H,9,10)/f/h9H"
181,CCCCCCCCCCC(=O)O,-3.55,"InChI=1/C11H22O2/c1-2-3-4-5-6-7-8-9-10-11(12)13/h2-10H2,1H3,(H,12,13)/f/h12H"
182,CCCCCCCCCCCCCC(=O)O,-5.33,"InChI=1/C14H28O2/c1-2-3-4-5-6-7-8-9-10-11-12-13-14(15)16/h2-13H2,1H3,(H,15,16)/f/h15H"
183,COC=O,0.58,"InChI=1/C2H4O2/c1-4-2-3/h2H,1H3"
184,CCCC(=O)OC,-0.82,"InChI=1/C5H10O2/c1-3-4-5(6)7-2/h3-4H2,1-2H3"
185,CC(C)COC=O,-1.01,"InChI=1/C5H10O2/c1-5(2)3-7-4-6/h4-5H,3H2,1-2H3"
186,CCCCOC(=O)C,-1.24,"InChI=1/C6H12O2/c1-3-4-5-8-6(2)7/h3-5H2,1-2H3"
187,CCCCC(=O)OC,-1.36,"InChI=1/C6H12O2/c1-3-4-5-6(7)8-2/h3-5H2,1-2H3"
188,C=CC(=O)OCC(C)C,-1.21,"InChI=1/C7H12O2/c1-4-7(8)9-5-6(2)3/h4,6H,1,5H2,2-3H3"
189,CCCC(=O)OCCC,-1.92,"InChI=1/C7H14O2/c1-3-5-7(8)9-6-4-2/h3-6H2,1-2H3"
190,CCCCCCOC(=O)C,-2.46,"InChI=1/C8H16O2/c1-3-4-5-6-7-10-8(2)9/h3-7H2,1-2H3"
191,CCCCCC(=O)OCC,-2.31,"InChI=1/C8H16O2/c1-3-5-6-7-8(9)10-4-2/h3-7H2,1-2H3"
192,CCCCCCC(=O)OCC,-2.71,"InChI=1/C9H18O2/c1-3-5-6-7-8-9(10)11-4-2/h3-8H2,1-2H3"
193,CCCCCCCC(=O)OCC,-3.39,"InChI=1/C10H20O2/c1-3-5-6-7-8-9-10(11)12-4-2/h3-9H2,1-2H3"
194,CCCCCCCCC(=O)OCC,-3.8,"InChI=1/C11H22O2/c1-3-5-6-7-8-9-10-11(12)13-4-2/h3-10H2,1-2H3"
195,CCCCCCCCCC(=O)OCC,-4.1,"InChI=1/C12H24O2/c1-3-5-6-7-8-9-10-11-12(13)14-4-2/h3-11H2,1-2H3"
196,COC(=O)c1ccccc1,-1.85,"InChI=1/C8H8O2/c1-10-8(9)7-5-3-2-4-6-7/h2-6H,1H3"
197,CC(C)COC(=O)c1ccccc1C(=O)OCC(C)C,-4.66,"InChI=1/C16H22O4/c1-11(2)9-19-15(17)13-7-5-6-8-14(13)16(18)20-10-12(3)4/h5-8,11-12H,9-10H2,1-4H3"
198,CC(C)OC,-0.06,"InChI=1/C4H10O/c1-4(2)5-3/h4H,1-3H3"
199,CC(C)(C)OC,-0.24,"InChI=1/C5H12O/c1-5(2,3)6-4/h1-4H3"
200,CCCOCCC,-1.62,"InChI=1/C6H14O/c1-3-5-7-6-4-2/h3-6H2,1-2H3"
201,CC(C)OC(C)C,-1.1,"InChI=1/C6H14O/c1-5(2)7-6(3)4/h5-6H,1-4H3"
202,CCOCCOCC,-0.77,"InChI=1/C6H14O2/c1-3-7-5-6-8-4-2/h3-6H2,1-2H3"
203,c1ccc(cc1)Oc1ccccc1,-3.96,InChI=1/C12H10O/c1-3-7-11(8-4-1)13-12-9-5-2-6-10-12/h1-10H
204,c1ccc2c(c1)Oc1ccccc1O2,-5.31,InChI=1/C12H8O2/c1-2-6-10-9(5-1)13-11-7-3-4-8-12(11)14-10/h1-8H
205,C1CCOC1,0.56,InChI=1/C4H8O/c1-2-4-5-3-1/h1-4H2
206,C([C@@H]([C@@H]([C@@H](C(=O)CO)O)O)O)O,0.64,"InChI=1/C6H12O6/c7-1-3(9)5(11)6(12)4(10)2-8/h3,5-9,11-12H,1-2H2/t3-,5-,6+/m0/s1"
207,C[C@@]12CCC(=O)C=C1CC[C@@H]1[C@H]3CC[C@@](C(=O)CO)([C@]3(C)C[C@@H]([C@@H]21)O)O,-2.97,"InChI=1/C21H30O5/c1-19-7-5-13(23)9-12(19)3-4-14-15-6-8-21(26,17(25)11-22)20(15,2)10-16(24)18(14)19/h9,14-16,18,22,24,26H,3-8,10-11H2,1-2H3/t14-,15-,16+,18+,19-,20-,21-/m1/s1"
208,C[C@@H]1C[C@H]2[C@H]3CCC4=CC(=O)C=C[C@]4(C)[C@@]3([C@H](C[C@]2(C)[C@]1(C(=O)CO)O)O)F,-3.64,"InChI=1/C22H29FO5/c1-12-8-16-15-5-4-13-9-14(25)6-7-19(13,2)21(15,23)17(26)10-20(16,3)22(12,28)18(27)11-24/h6-7,9,12,15-17,24,26,28H,4-5,8,10-11H2,1-3H3/t12-,15-,16+,17+,19+,20+,21-,22+/m1/s1"
209,CC(=O)OCC(=O)[C@]1(CC[C@H]2[C@H]3CCC4=CC(=O)CC[C@]4(C)[C@@H]3[C@H](C[C@]12C)O)O,-4.46,"InChI=1/C23H32O6/c1-13(24)29-12-19(27)23(28)9-7-17-16-5-4-14-10-15(25)6-8-21(14,2)20(16)18(26)11-22(17,23)3/h10,16-18,20,26,28H,4-9,11-12H2,1-3H3/t16-,17+,18+,20+,21+,22+,23+/m1/s1"
210,C[C@@]12C=CC(=O)C=C1CC[C@@H]1[C@@H]3CC[C@](C(=O)CO)([C@@]3(C)C[C@H]([C@@H]21)O)O,-3.21,"InChI=1/C21H28O5/c1-19-7-5-13(23)9-12(19)3-4-14-15-6-8-21(26,17(25)11-22)20(15,2)10-16(24)18(14)19/h5,7,9,14-16,18,22,24,26H,3-4,6,8,10-11H2,1-2H3/t14-,15+,16-,18+,19-,20+,21+/m1/s1"
211,CC(=O)S[C@H]1CC2=CC(=O)CC[C@@]2(C)[C@@H]2CC[C@@]3(C)[C@@H](CC[C@@]43CCC(=O)O4)[C@@H]12,-4.28,"InChI=1/C24H32O4S/c1-14(25)29-19-13-15-12-16(26)4-8-22(15,2)17-5-9-23(3)18(21(17)19)6-10-24(23)11-7-20(27)28-24/h12,17-19,21H,4-11,13H2,1-3H3/t17-,18+,19+,21+,22-,23+,24+/m1/s1"
212,C[C@]12CC[C@H]3c4ccc(cc4CC[C@@H]3[C@@H]1CCC2=O)O,-3.96,"InChI=1/C18H22O2/c1-18-9-8-14-13-5-3-12(19)10-11(13)2-4-15(14)16(18)6-7-17(18)20/h3,5,10,14-16,19H,2,4,6-9H2,1H3/t14-,15-,16-,18-/m0/s1"
213,C[C@]12CCC(=O)C=C1CC[C@H]1[C@@H]3CCC(=O)[C@@]3(C)CC[C@H]21,-3.69,"InChI=1/C19H26O2/c1-18-9-7-13(20)11-12(18)3-4-14-15-5-6-17(21)19(15,2)10-8-16(14)18/h11,14-16H,3-10H2,1-2H3/t14-,15-,16-,18-,19-/m0/s1"
214,C[C@@]12CCC(=O)C=C1CC[C@@H]1[C@H]3CC[C@H](C(=O)CO)[C@]3(C)CC[C@@H]21,-3.75,"InChI=1/C21H30O3/c1-20-9-7-14(23)11-13(20)3-4-15-16-5-6-18(19(24)12-22)21(16,2)10-8-17(15)20/h11,15-18,22H,3-10,12H2,1-2H3/t15-,16-,17-,18-,20-,21-/m1/s1"
215,CC1(C)O[C@@H]2C[C@H]3[C@@H]4CCC5=CC(=O)C=C[C@]5(C)[C@]4([C@H](C[C@]3(C)[C@]2(C(=O)CO)O1)O)F,-4.32,"InChI=1/C24H31FO6/c1-20(2)30-19-10-16-15-6-5-13-9-14(27)7-8-21(13,3)23(15,25)17(28)11-22(16,4)24(19,31-20)18(29)12-26/h7-9,15-17,19,26,28H,5-6,10-12H2,1-4H3/t15-,16-,17-,19+,21-,22-,23-,24+/m0/s1"
216,C[C@]12CCC(=O)C=C1CC[C@@H]1[C@H]3CC[C@](C(=O)CO)([C@]3(C)C[C@H]([C@@]21F)O)O,-3.43,"InChI=1/C21H29FO5/c1-18-7-5-13(24)9-12(18)3-4-15-14-6-8-20(27,17(26)11-23)19(14,2)10-16(25)21(15,18)22/h9,14-16,23,25,27H,3-8,10-11H2,1-2H3/t14-,15-,16-,18+,19-,20+,21-/m1/s1"
217,C[C@H]1C[C@@H]2[C@H]3CC[C@](C(=O)C)([C@]3(C)C[C@H]([C@]2([C@]2(C)C=CC(=O)C=C12)F)O)O,-4.1,"InChI=1/C22H29FO4/c1-12-9-17-15-6-8-21(27,13(2)24)20(15,4)11-18(26)22(17,23)19(3)7-5-14(25)10-16(12)19/h5,7,10,12,15,17-18,26-27H,6,8-9,11H2,1-4H3/t12-,15+,17+,18+,19+,20+,21-,22+/m0/s1"
218,CCCCC(=O)O[C@]1([C@@H](C)C[C@H]2[C@@H]3CCC4=CC(=O)C=C[C@]4(C)[C@]3([C@@H](C[C@]12C)O)F)C(=O)CO,-4.71,"InChI=1/C27H37FO6/c1-5-6-7-23(33)34-27(22(32)15-29)16(2)12-20-19-9-8-17-13-18(30)10-11-24(17,3)26(19,28)21(31)14-25(20,27)4/h10-11,13,16,19-21,29,31H,5-9,12,14-15H2,1-4H3/t16-,19-,20-,21+,24-,25-,26-,27+/m0/s1"
219,COc1ccccc1O,-1.96,"InChI=1/C7H8O2/c1-9-7-5-3-2-4-6(7)8/h2-5,8H,1H3"
220,COc1ccc(cc1)C=O,-1.49,"InChI=1/C8H8O2/c1-10-8-4-2-7(6-9)3-5-8/h2-6H,1H3"
221,c1cc(ccc1Cl)O,-0.7,"InChI=1/C6H5ClO/c7-5-1-3-6(8)4-2-5/h1-4,8H"
222,c1c(cc(c(c1Cl)O)Cl)Cl,-2.34,"InChI=1/C6H3Cl3O/c7-3-1-4(8)6(10)5(9)2-3/h1-2,10H"
223,Cc1cc(ccc1Cl)O,-1.57,"InChI=1/C7H7ClO/c1-5-4-6(9)2-3-7(5)8/h2-4,9H,1H3"
224,C(COCCCl)Cl,-1.12,InChI=1/C4H8Cl2O/c5-1-3-7-4-2-6/h1-4H2
225,C1[C@H]2[C@H]3[C@@H]([C@@H]1[C@@H]1[C@H]2O1)[C@@]1(C(=C([C@]3(C1(Cl)Cl)Cl)Cl)Cl)Cl,-6.29,"InChI=1/C12H8Cl6O/c13-8-9(14)11(16)5-3-1-2(6-7(3)19-6)4(5)10(8,15)12(11,17)18/h2-7H,1H2/t2-,3+,4-,5+,6-,7+,10+,11-"
226,CCCCCCN,-1.1,"InChI=1/C6H15N/c1-2-3-4-5-6-7/h2-7H2,1H3"
227,CCCCNCCCC,-1.44,"InChI=1/C8H19N/c1-3-5-7-9-8-6-4-2/h9H,3-8H2,1-2H3"
228,CCCCCCCCN,-2.75,"InChI=1/C8H19N/c1-2-3-4-5-6-7-8-9/h2-9H2,1H3"
229,c1cc(ccc1N)N,-0.38,"InChI=1/C6H8N2/c7-5-1-2-6(8)4-3-5/h1-4H,7-8H2"
230,Cc1ccccc1N,-0.85,"InChI=1/C7H9N/c1-6-4-2-3-5-7(6)8/h2-5H,8H2,1H3"
231,CNc1ccccc1,-1.28,"InChI=1/C7H9N/c1-8-7-5-3-2-4-6-7/h2-6,8H,1H3"
232,Cc1cccc(c1)N,-0.85,"InChI=1/C7H9N/c1-6-3-2-4-7(8)5-6/h2-5H,8H2,1H3"
233,CCN(CC)c1ccccc1,-3.03,"InChI=1/C10H15N/c1-3-11(4-2)10-8-6-5-7-9-10/h5-9H,3-4H2,1-2H3"
234,c1cc(ccc1Cc1ccc(cc1)N)N,-2.3,"InChI=1/C13H14N2/c14-12-5-1-10(2-6-12)9-11-3-7-13(15)8-4-11/h1-8H,9,14-15H2"
235,c1ccncc1,0.76,InChI=1/C5H5N/c1-2-4-6-5-3-1/h1-5H
236,Cc1ccc(C)nc1,0.4,"InChI=1/C7H9N/c1-6-3-4-7(2)8-5-6/h3-5H,1-2H3"
237,Cc1cccc(C)n1,0.45,"InChI=1/C7H9N/c1-6-4-3-5-7(2)8-6/h3-5H,1-2H3"
238,Cc1ccncc1C,0.36,"InChI=1/C7H9N/c1-6-3-4-8-5-7(6)2/h3-5H,1-2H3"
239,Cc1cc(C)cnc1,0.38,"InChI=1/C7H9N/c1-6-3-7(2)5-8-4-6/h3-5H,1-2H3"
240,c1cnccc1c1ccncc1,-1.54,InChI=1/C10H8N2/c1-5-11-6-2-9(1)10-3-7-12-8-4-10/h1-8H
241,c1cnccc1C(=O)NN,0.01,"InChI=1/C6H7N3O/c7-9-6(10)5-1-3-8-4-2-5/h1-4H,7H2,(H,9,10)"
242,c1ccc2c(c1)ccc1c2cccn1,-3.36,InChI=1/C13H9N/c1-2-5-11-10(4-1)7-8-13-12(11)6-3-9-14-13/h1-9H
243,c1ccc2c(c1)nn[nH]2,-0.78,"InChI=1/C6H5N3/c1-2-4-6-5(3-1)7-9-8-6/h1-4H,(H,7,8,9)"
244,c1cc[nH]c1,-0.17,InChI=1/C4H5N/c1-2-4-5-3-1/h1-5H
245,c1ccsc1,-1.45,InChI=1/C4H4S/c1-2-4-5-3-1/h1-4H
246,c1ccc2c(c1)cc[nH]2,-1.52,"InChI=1/C8H7N/c1-2-4-8-7(3-1)5-6-9-8/h1-6,9H"
247,c1ccnnc1,1.1,InChI=1/C4H4N2/c1-2-4-6-5-3-1/h1-4H
248,c1cc2c(cccn2)c(c1)O,-2.54,"InChI=1/C9H7NO/c11-9-5-1-4-8-7(9)3-2-6-10-8/h1-6,11H"
249,c1cc2cc(ccc2nc1)O,-2.16,"InChI=1/C9H7NO/c11-8-3-4-9-7(6-8)2-1-5-10-9/h1-6,11H"
250,CCC1(CC)C(=NC(=O)N(C)C1=O)O,-2.23,"InChI=1/C9H14N2O3/c1-4-9(5-2)6(12)10-8(14)11(3)7(9)13/h4-5H2,1-3H3,(H,10,12,14)"
251,CCCCC1C(=O)N(c2ccccc2)N(c2ccccc2)C1=O,-3.81,"InChI=1/C19H20N2O2/c1-2-3-14-17-18(22)20(15-10-6-4-7-11-15)21(19(17)23)16-12-8-5-9-13-16/h4-13,17H,2-3,14H2,1H3"
252,CN(C)CCCN1c2ccccc2Sc2ccc(cc12)Cl,-5.01,"InChI=1/C17H19ClN2S/c1-19(2)10-5-11-20-14-6-3-4-7-16(14)21-17-9-8-13(18)12-15(17)20/h3-4,6-9,12H,5,10-11H2,1-2H3"
253,CN1[C@H]2CC[C@@H]1C[C@H](C2)OC(=O)[C@@H](CO)c1ccccc1,-2.12,"InChI=1/C17H23NO3/c1-18-13-7-8-14(18)10-15(9-13)21-17(20)16(11-19)12-5-3-2-4-6-12/h2-6,13-16,19H,7-11H2,1H3/t13-,14+,15-,16-/m0/s1"
254,c1cc(CNc2cc(c(cc2C(=O)O)S(=O)(=O)N)Cl)oc1,-3.66,"InChI=1/C12H11ClN2O5S/c13-9-5-10(15-6-7-2-1-3-20-7)8(12(16)17)4-11(9)21(14,18)19/h1-5,15H,6H2,(H,16,17)(H2,14,18,19)/f/h16H,14H2"
255,CC/C(=C(/CC)\c1ccc(cc1)O)/c1ccc(cc1)O,-4.35,"InChI=1/C18H20O2/c1-3-17(13-5-9-15(19)10-6-13)18(4-2)14-7-11-16(20)12-8-14/h5-12,19-20H,3-4H2,1-2H3/b18-17+"
256,CCC1(CC)C(=NC(=O)N=C1O)O,-1.39,"InChI=1/C8H12N2O3/c1-3-8(4-2)5(11)9-7(13)10-6(8)12/h3-4H2,1-2H3,(H2,9,10,11,12,13)"
257,CCCC(C)(COC(=N)O)COC(=N)O,-1.67,"InChI=1/C9H18N2O4/c1-3-4-9(2,5-14-7(10)12)6-15-8(11)13/h3-6H2,1-2H3,(H2,10,12)(H2,11,13)"
258,Cc1cc(C)nc(n1)NS(=O)(=O)c1ccc(cc1)N,-2.27,"InChI=1/C12H14N4O2S/c1-8-7-9(2)15-12(14-8)16-19(17,18)11-5-3-10(13)4-6-11/h3-7H,13H2,1-2H3,(H,14,15,16)"
259,c1ccc2c(c1)N(CCCN1CCN(CC1)CCO)c1cc(ccc1S2)Cl,-4.16,"InChI=1/C21H26ClN3OS/c22-17-6-7-21-19(16-17)25(18-4-1-2-5-20(18)27-21)9-3-8-23-10-12-24(13-11-23)14-15-26/h1-2,4-7,16,26H,3,8-15H2"
260,CN(C)CCCN1c2ccccc2Sc2ccccc12,-4.3,"InChI=1/C17H20N2S/c1-18(2)12-7-13-19-14-8-3-5-10-16(14)20-17-11-6-4-9-15(17)19/h3-6,8-11H,7,12-13H2,1-2H3"
261,c1c(c(cc2c1N=CNS2(=O)=O)S(=O)(=O)N)Cl,-3.05,"InChI=1/C7H6ClN3O4S2/c8-4-1-5-7(2-6(4)16(9,12)13)17(14,15)11-3-10-5/h1-3H,(H,10,11)(H2,9,12,13)"
262,CCOc1ccc(cc1)N=C(C)O,-2.37,"InChI=1/C10H13NO2/c1-3-13-10-6-4-9(5-7-10)11-8(2)12/h4-7H,3H2,1-2H3,(H,11,12)"
263,c1cc(ccc1N)S(=O)(=O)N,-1.36,"InChI=1/C6H8N2O2S/c7-5-1-3-6(4-2-5)11(8,9)10/h1-4H,7H2,(H2,8,9,10)"
264,c1cn(c2c1c(N)ncn2)[C@@H]1[C@@H]([C@H]([C@@H](CO)O1)O)O,-1.95,"InChI=1/C11H14N4O4/c12-9-5-1-2-15(10(5)14-4-13-9)11-8(18)7(17)6(3-16)19-11/h1-2,4,6-8,11,16-18H,3H2,(H2,12,13,14)/t6-,7+,8-,11+/m1/s1"
265,c1cc(ccc1N)S(=O)(=O)Nc1nccs1,-2.43,"InChI=1/C9H9N3O2S2/c10-7-1-3-8(4-2-7)16(13,14)12-9-11-5-6-15-9/h1-6H,10H2,(H,11,12)"
266,C=CCC1(C(C)C)C(=NC(=O)N=C1O)O,-1.71,"InChI=1/C10H14N2O3/c1-4-5-10(6(2)3)7(13)11-9(15)12-8(10)14/h4,6H,1,5H2,2-3H3,(H2,11,12,13,14,15)"
267,CCC[C@@H](C)C1(CC=C)C(=NC(=S)N=C1O)O,-3.46,"InChI=1/C12H18N2O2S/c1-4-6-8(3)12(7-5-2)9(15)13-11(17)14-10(12)16/h5,8H,2,4,6-7H2,1,3H3,(H2,13,14,15,16,17)/t8-/m1/s1"
268,CCCCC1(CC)C(=NC(=O)N=C1O)O,-1.64,"InChI=1/C10H16N2O3/c1-3-5-6-10(4-2)7(13)11-9(15)12-8(10)14/h3-6H2,1-2H3,(H2,11,12,13,14,15)"
269,COc1ccc(nn1)NS(=O)(=O)c1ccc(cc1)N,-3.28,"InChI=1/C11H12N4O3S/c1-18-11-7-6-10(13-14-11)15-19(16,17)9-4-2-8(12)3-5-9/h2-7H,12H2,1H3,(H,13,15)"
270,c1ccc2c(c1)ccc(=O)o2,-1.89,InChI=1/C9H6O2/c10-9-6-5-7-3-1-2-4-8(7)11-9/h1-6H
271,CCc1nnc(NS(=O)(=O)c2ccc(cc2)N)s1,-1.94,"InChI=1/C10H12N4O2S2/c1-2-9-12-13-10(17-9)14-18(15,16)8-5-3-7(11)4-6-8/h3-6H,2,11H2,1H3,(H,13,14)"
272,C=CCC1(c2ccccc2)C(=NC(=O)N=C1O)O,-2.18,"InChI=1/C13H12N2O3/c1-2-8-13(9-6-4-3-5-7-9)10(16)14-12(18)15-11(13)17/h2-7H,1,8H2,(H2,14,15,16,17,18)"
273,CCC1(c2ccccc2)C(=NCN=C1O)O,-2.64,"InChI=1/C12H14N2O2/c1-2-12(9-6-4-3-5-7-9)10(15)13-8-14-11(12)16/h3-7H,2,8H2,1H3,(H,13,15)(H,14,16)"
274,c1c(c(cc2c1N[C@H](C(Cl)Cl)NS2(=O)=O)S(=O)(=O)N)Cl,-2.68,"InChI=1/C8H8Cl3N3O4S2/c9-3-1-4-6(2-5(3)19(12,15)16)20(17,18)14-8(13-4)7(10)11/h1-2,7-8,13-14H,(H2,12,15,16)/t8-/m0/s1"
275,CC(=NS(=O)(=O)c1ccc(cc1)N)O,-1.23,"InChI=1/C8H10N2O3S/c1-6(11)10-14(12,13)8-4-2-7(9)3-5-8/h2-5H,9H2,1H3,(H,10,11)"
276,C([C@@H]([C@@H](CO)O)O)O,0.7,"InChI=1/C4H10O4/c5-1-3(7)4(8)2-6/h3-8H,1-2H2/t3-,4+"
277,c1c2c(ncnc2O)n[nH]1,-2.38,"InChI=1/C5H4N4O/c10-5-3-1-8-9-4(3)6-2-7-5/h1-2H,(H2,6,7,8,9,10)"
278,COc1cc2c(cc1OC)N1C(=O)C[C@H]3[C@@H]4[C@H]5C[C@H]6[C@]2(CCN6CC5=CCO3)[C@@H]14,-2.09,"InChI=1/C23H26N2O4/c1-27-16-8-14-15(9-17(16)28-2)25-20(26)10-18-21-13-7-19-23(14,22(21)25)4-5-24(19)11-12(13)3-6-29-18/h3,8-9,13,18-19,21-22H,4-7,10-11H2,1-2H3/t13-,18-,19-,21-,22-,23+/m0/s1"
279,CCN(CC)CCN=C(c1cc(c(cc1OC)N)Cl)O,-3.18,"InChI=1/C14H22ClN3O2/c1-4-18(5-2)7-6-17-14(19)10-8-11(15)12(16)9-13(10)20-3/h8-9H,4-7,16H2,1-3H3,(H,17,19)"
280,CCOc1ccc2c(c1)sc(n2)S(=O)(=O)N,-3.81,"InChI=1/C9H10N2O3S2/c1-2-14-6-3-4-7-8(5-6)15-9(11-7)16(10,12)13/h3-5H,2H2,1H3,(H2,10,12,13)"
281,CCC1(C2=CCCCCC2)C(=NC(=O)N=C1O)O,-3,"InChI=1/C13H18N2O3/c1-2-13(9-7-5-3-4-6-8-9)10(16)14-12(18)15-11(13)17/h7H,2-6,8H2,1H3,(H2,14,15,16,17,18)"
282,c1cc(c(cc1[C@@H]1CC(=O)c2c(cc(cc2O1)O)O)O)O,-3.62,"InChI=1/C15H12O6/c16-8-4-11(19)15-12(20)6-13(21-14(15)5-8)7-1-2-9(17)10(18)3-7/h1-5,13,16-19H,6H2/t13-/m0/s1"
283,COc1cnc(nc1)NS(=O)(=O)c1ccc(cc1)N,-2.58,"InChI=1/C11H12N4O3S/c1-18-9-6-13-11(14-7-9)15-19(16,17)10-4-2-8(12)3-5-10/h2-7H,12H2,1H3,(H,13,14,15)"
284,Cc1cc(no1)NS(=O)(=O)c1ccc(cc1)N,-2.62,"InChI=1/C10H11N3O3S/c1-7-6-10(12-16-7)13-17(14,15)9-4-2-8(11)3-5-9/h2-6H,11H2,1H3,(H,12,13)"
285,COc1cc(Cc2c[nH]c(=N)[nH]c2=N)cc(c1OC)OC,-2.86,"InChI=1/C14H18N4O3/c1-19-10-5-8(6-11(20-2)12(10)21-3)4-9-7-17-14(16)18-13(9)15/h5-7H,4H2,1-3H3,(H4,15,16,17,18)"
286,Cc1nc(cc(n1)OC)NS(=O)(=O)c1ccc(cc1)N,-2.54,"InChI=1/C12H14N4O3S/c1-8-14-11(7-12(15-8)19-2)16-20(17,18)10-5-3-9(13)4-6-10/h3-7H,13H2,1-2H3,(H,14,15,16)"
287,CC(C)Cc1ccc(cc1)C(C)C(=O)O,-3.99,"InChI=1/C13H18O2/c1-9(2)8-11-4-6-12(7-5-11)10(3)13(14)15/h4-7,9-10H,8H2,1-3H3,(H,14,15)/f/h14H"
288,Cn1cnc2c1c(=O)n(C)c(=O)n2C,-0.97,"InChI=1/C8H10N4O2/c1-10-4-9-6-5(10)7(13)12(3)8(14)11(6)2/h4H,1-3H3"
289,c1ccc2c(c1)ccc(n2)O,-2.14,"InChI=1/C9H7NO/c11-9-6-5-7-3-1-2-4-8(7)10-9/h1-6H,(H,10,11)"
290,Cc1cnc(nc1O)O,-1.52,"InChI=1/C5H6N2O2/c1-3-2-6-5(9)7-4(3)8/h2H,1H3,(H2,6,7,8,9)"
291,CN1CCOCC1,1,"InChI=1/C5H11NO/c1-6-2-4-7-5-3-6/h2-5H2,1H3"
292,C1CCNCC1,1.07,"InChI=1/C5H11N/c1-2-4-6-5-3-1/h6H,1-5H2"
293,Cn1ccc(nc1=O)O,-0.8,"InChI=1/C5H6N2O2/c1-7-3-2-4(8)6-5(7)9/h2-3H,1H3,(H,6,8,9)"
294,CN1CCCCC1,0.23,"InChI=1/C6H13N/c1-7-5-3-2-4-6-7/h2-6H2,1H3"
295,c1ccc(c(c1)N)O,-0.72,"InChI=1/C6H7NO/c7-5-3-1-2-4-6(5)8/h1-4,8H,7H2"
296,c1ccc(c(c1)C(=O)O)N,-1.52,"InChI=1/C7H7NO2/c8-6-4-2-1-3-5(6)7(9)10/h1-4H,8H2,(H,9,10)/f/h9H"
297,CCOC(=N)O,0.85,"InChI=1/C3H7NO2/c1-2-6-3(4)5/h2H2,1H3,(H2,4,5)"
298,c1ccc(cc1)COC(=N)O,-0.35,"InChI=1/C8H9NO2/c9-8(10)11-6-7-4-2-1-3-5-7/h1-5H,6H2,(H2,9,10)"
299,C(=N)(N)O,0.96,"InChI=1/CH4N2O/c2-1(3)4/h(H4,2,3,4)"
300,CNC(=N)O,1.13,"InChI=1/C2H6N2O/c1-4-2(3)5/h1H3,(H3,3,4,5)"
301,CN(C)C(=O)N(C)C,0.94,InChI=1/C5H12N2O/c1-6(2)5(8)7(3)4/h1-4H3
302,c1ccc(cc1)CNC(=N)O,-0.95,"InChI=1/C8H10N2O/c9-8(11)10-6-7-4-2-1-3-5-7/h1-5H,6H2,(H3,9,10,11)"
303,c1ccc(cc1)C(=N)O,-0.96,"InChI=1/C7H7NO/c8-7(9)6-4-2-1-3-5-6/h1-5H,(H2,8,9)"
304,c1ccc(c(c1)C(=N)O)C(=N)O,-2.92,"InChI=1/C8H8N2O2/c9-7(11)5-3-1-2-4-6(5)8(10)12/h1-4H,(H2,9,11)(H2,10,12)"
305,CC(=Nc1ccc(cc1)O)O,-1.03,"InChI=1/C8H9NO2/c1-6(10)9-7-2-4-8(11)5-3-7/h2-5,11H,1H3,(H,9,10)"
306,CC(C)Oc1ccccc1OC(=NC)O,-2.05,"InChI=1/C11H15NO3/c1-8(2)14-9-6-4-5-7-10(9)15-11(13)12-3/h4-8H,1-3H3,(H,12,13)"
307,CN1CC[C@@]23[C@@H]4C=C[C@H]([C@H]3Oc3c(ccc(C[C@H]14)c23)OC)O,-1.52,"InChI=1/C18H21NO3/c1-19-8-7-18-11-4-5-13(20)17(18)22-16-14(21-2)6-3-10(15(16)18)9-12(11)19/h3-6,11-13,17,20H,7-9H2,1-2H3/t11-,12+,13-,17-,18-/m1/s1"
308,CCCN(=O)=O,-0.8,"InChI=1/C3H7NO2/c1-2-3-4(5)6/h2-3H2,1H3"
309,c1ccc(cc1)N(=O)=O,-1.8,InChI=1/C6H5NO2/c8-7(9)6-4-2-1-3-5-6/h1-5H
310,Cc1cccc(c1)N(=O)=O,-2.44,"InChI=1/C7H7NO2/c1-6-3-2-4-7(5-6)8(9)10/h2-5H,1H3"
311,Cc1ccc(cc1)N(=O)=O,-2.49,"InChI=1/C7H7NO2/c1-6-2-4-7(5-3-6)8(9)10/h2-5H,1H3"
312,c1cc(ccc1N(=O)=O)O,-0.74,"InChI=1/C6H5NO3/c8-6-3-1-5(2-4-6)7(9)10/h1-4,8H"
313,c1ccc(c(c1)N(=O)=O)O,-1.74,"InChI=1/C6H5NO3/c8-6-4-2-1-3-5(6)7(9)10/h1-4,8H"
314,c1cc(ccc1C(=O)O)N(=O)=O,-1.68,"InChI=1/C7H5NO4/c9-7(10)5-1-3-6(4-2-5)8(11)12/h1-4H,(H,9,10)/f/h9H"
315,COc1ccccc1N(=O)=O,-1.96,"InChI=1/C7H7NO3/c1-11-7-5-3-2-4-6(7)8(9)10/h2-5H,1H3"
316,c1ccc(c(c1)N)N(=O)=O,-1.96,"InChI=1/C6H6N2O2/c7-5-3-1-2-4-6(5)8(9)10/h1-4H,7H2"
317,c1cc(ccc1N)N(=O)=O,-2.37,"InChI=1/C6H6N2O2/c7-5-1-3-6(4-2-5)8(9)10/h1-4H,7H2"
318,c1cc(ccc1Cl)N,-1.66,"InChI=1/C6H6ClN/c7-5-1-3-6(8)4-2-5/h1-4H,8H2"
319,c1cc(cc(c1)N)Cl,-1.37,"InChI=1/C6H6ClN/c7-5-2-1-3-6(8)4-5/h1-4H,8H2"
320,CCN=c1nc(Cl)[nH]c(=NCC)[nH]1,-4.55,"InChI=1/C7H12ClN5/c1-3-9-6-11-5(8)12-7(13-6)10-4-2/h3-4H2,1-2H3,(H2,9,10,11,12,13)"
321,CC(C)OC(=Nc1cccc(c1)Cl)O,-3.38,"InChI=1/C10H12ClNO2/c1-7(2)14-10(13)12-9-5-3-4-8(11)6-9/h3-7H,1-2H3,(H,12,13)"
322,CN(C(=O)Nc1ccc(cc1)Cl)OC,-2.57,"InChI=1/C9H11ClN2O2/c1-12(14-2)9(13)11-8-5-3-7(10)4-6-8/h3-6H,1-2H3,(H,11,13)"
323,CCC(=Nc1ccc(c(c1)Cl)Cl)O,-3,"InChI=1/C9H9Cl2NO/c1-2-9(13)12-6-3-4-7(10)8(11)5-6/h3-5H,2H2,1H3,(H,12,13)"
324,Cc1c(c(=O)n(c(n1)O)C(C)(C)C)Cl,-2.48,"InChI=1/C9H13ClN2O2/c1-5-6(10)7(13)12(8(14)11-5)9(2,3)4/h1-4H3,(H,11,14)"
325,CCCN(CCC)c1c(cc(cc1N(=O)=O)C(F)(F)F)N(=O)=O,-5.68,"InChI=1/C13H16F3N3O4/c1-3-5-17(6-4-2)12-10(18(20)21)7-9(13(14,15)16)8-11(12)19(22)23/h7-8H,3-6H2,1-2H3"
326,CC(C)(C)C(=O)[C@@H](n1cncn1)Oc1ccc(cc1)Cl,-3.61,"InChI=1/C14H16ClN3O2/c1-14(2,3)12(19)13(18-9-16-8-17-18)20-11-6-4-10(15)5-7-11/h4-9,13H,1-3H3/t13-/m0/s1"
327,CCCCS,-2.18,"InChI=1/C4H10S/c1-2-3-4-5/h5H,2-4H2,1H3"
328,c1ccc(cc1)S,-2.12,"InChI=1/C6H6S/c7-6-4-2-1-3-5-6/h1-5,7H"
329,CCOc1nc(=NC(C)C)nc([nH]1)SC,-3.04,"InChI=1/C9H16N4OS/c1-5-14-8-11-7(10-6(2)3)12-9(13-8)15-4/h6H,5H2,1-4H3,(H,10,11,12,13)"
330,CCN=c1nc([nH]c(n1)SC)NC(C)(C)C,-4,"InChI=1/C10H19N5S/c1-6-11-7-12-8(15-10(2,3)4)14-9(13-7)16-5/h6H2,1-5H3,(H2,11,12,13,14,15)"
331,c1ccc2c(c1)C(=NS2(=O)=O)O,-1.64,"InChI=1/C7H5NO3S/c9-7-5-3-1-2-4-6(5)12(10,11)8-7/h1-4H,(H,8,9)"
332,Cc1ccccc1S(=O)(=O)N,-2.02,"InChI=1/C7H9NO2S/c1-6-4-2-3-5-7(6)11(8,9)10/h2-5H,1H3,(H2,8,9,10)"
333,CCOP(=S)(OCC)SCSCC,-4.11,"InChI=1/C7H17O2PS3/c1-4-8-10(11,9-5-2)13-7-12-6-3/h4-7H2,1-3H3"
334,COP(=S)(OC)SCN1C(=O)c2ccccc2C1=O,-4.1,"InChI=1/C11H12NO4PS2/c1-15-17(18,16-2)19-7-12-10(13)8-5-3-4-6-9(8)11(12)14/h3-6H,7H2,1-2H3"
335,COP(=S)(OC)Oc1ccc(cc1)N(=O)=O,-3.68,"InChI=1/C8H10NO5PS/c1-12-15(16,13-2)14-8-5-3-7(4-6-8)9(10)11/h3-6H,1-2H3"
336,COP(=S)(OC)Oc1ccc(cc1Cl)N(=O)=O,-4.31,"InChI=1/C8H9ClNO5PS/c1-13-16(17,14-2)15-8-4-3-6(10(11)12)5-7(8)9/h3-5H,1-2H3"
337,CCOP(=S)(OCC)SCSP(=S)(OCC)OCC,-5.54,"InChI=1/C9H22O4P2S4/c1-5-10-14(16,11-6-2)18-9-19-15(17,12-7-3)13-8-4/h5-9H2,1-4H3"
338,COP(=S)(OC)Oc1cc(c(cc1Cl)Cl)Cl,-5.72,"InChI=1/C8H8Cl3O3PS/c1-12-15(16,13-2)14-8-4-6(10)5(9)3-7(8)11/h3-4H,1-2H3"
339,CC(CCC(=O)O)C1CCC2C3CC(C4CC(CCC4(C)C3CCC12C)O)O,-3.82,"InChI=1/C24H40O4/c1-14(4-7-22(27)28)17-5-6-18-16-13-21(26)20-12-15(25)8-10-24(20,3)19(16)9-11-23(17,18)2/h14-21,25-26H,4-13H2,1-3H3,(H,27,28)/f/h27H"
340,C[C@H](CCC(=O)O)[C@H]1CC[C@H]2[C@H]3[C@H](CC[C@]12C)[C@@]1(C)CC[C@H](C[C@H]1C[C@@H]3O)O,-4.29,"InChI=1/C24H40O4/c1-14(4-7-21(27)28)17-5-6-18-22-19(9-11-24(17,18)3)23(2)10-8-16(25)12-15(23)13-20(22)26/h14-20,22,25-26H,4-13H2,1-3H3,(H,27,28)/t14-,15+,16-,17-,18+,19+,20+,22+,23+,24-/m1/s1/f/h27H"
341,C[C@H](CCC(=O)O)[C@H]1CC[C@H]2[C@H]3[C@H](CC[C@]12C)[C@@]1(C)CC[C@H](C[C@H]1C[C@H]3O)O,-3.64,"InChI=1/C24H40O4/c1-14(4-7-21(27)28)17-5-6-18-22-19(9-11-24(17,18)3)23(2)10-8-16(25)12-15(23)13-20(22)26/h14-20,22,25-26H,4-13H2,1-3H3,(H,27,28)/t14-,15+,16-,17-,18+,19+,20-,22+,23+,24-/m1/s1/f/h27H"
342,C[C@H](CCC(=O)O)[C@H]1CC[C@H]2[C@H]3[C@H](C[C@@H]([C@]12C)O)[C@@]1(C)CC[C@H](C[C@H]1C[C@H]3O)O,-4.35,"InChI=1/C24H40O5/c1-13(4-7-21(28)29)16-5-6-17-22-18(12-20(27)24(16,17)3)23(2)9-8-15(25)10-14(23)11-19(22)26/h13-20,22,25-27H,4-12H2,1-3H3,(H,28,29)/t13-,14+,15-,16-,17+,18+,19-,20+,22+,23+,24-/m1/s1/f/h28H"
343,Cc1nnc2CN=C(c3ccccc3Cl)c3cc(ccc3n12)Cl,-4.08,"InChI=1/C17H12Cl2N4/c1-10-21-22-16-9-20-17(12-4-2-3-5-14(12)19)13-8-11(18)6-7-15(13)23(10)16/h2-8H,9H2,1H3"
344,C[C@H]1CNCCN1,0.74,"InChI=1/C5H12N2/c1-5-4-6-2-3-7-5/h5-7H,2-4H2,1H3/t5-/m0/s1"
345,CC(=Nc1ccc(cc1)Br)O,-3.08,"InChI=1/C8H8BrNO/c1-6(11)10-8-4-2-7(9)3-5-8/h2-5H,1H3,(H,10,11)"
346,CC(=Nc1ccc(cc1)N(=O)=O)O,-2.69,"InChI=1/C8H8N2O3/c1-6(11)9-7-2-4-8(5-3-7)10(12)13/h2-5H,1H3,(H,9,11)"
347,CN(C)C(=N[C@H]1C[C@H]2[C@H]3CC[C@H](C3)[C@H]2C1)O,-3.01,"InChI=1/C13H22N2O/c1-15(2)13(16)14-10-6-11-8-3-4-9(5-8)12(11)7-10/h8-12H,3-7H2,1-2H3,(H,14,16)/t8-,9+,10-,11-,12+"
348,C#C[C@@]1(CC[C@@H]2[C@@H]3CCC4=CC(=O)CC[C@H]4[C@H]3CC[C@@]12C)O,-4.79,"InChI=1/C20H26O2/c1-3-20(22)11-9-18-17-6-4-13-12-14(21)5-7-15(13)16(17)8-10-19(18,20)2/h1,12,15-18,22H,4-11H2,2H3/t15-,16-,17-,18-,19-,20+/m1/s1"
349,c1cc(c(Cc2cc(ccc2O)Cl)cc1Cl)O,-3.95,"InChI=1/C13H10Cl2O2/c14-10-1-3-12(16)8(6-10)5-9-7-11(15)2-4-13(9)17/h1-4,6-7,16-17H,5H2"
350,c1c(cc(c(c1C(=O)O)Cl)N)Cl,-2.47,"InChI=1/C7H5Cl2NO2/c8-3-1-4(7(11)12)6(9)5(10)2-3/h1-2H,10H2,(H,11,12)/f/h11H"
351,C[C@@]1(c2cccc(c2C(=O)C2=C([C@]3([C@H](C[C@@H]12)[C@@H](C(=C(C3=O)C(=N)O)O)N(C)C)O)O)O)O,-3.12,"InChI=1/C22H24N2O8/c1-21(31)8-5-4-6-11(25)12(8)16(26)13-9(21)7-10-15(24(2)3)17(27)14(20(23)30)19(29)22(10,32)18(13)28/h4-6,9-10,15,25,27-28,31-32H,7H2,1-3H3,(H2,23,30)/t9-,10-,15+,21+,22+/m1/s1"
352,C[C@@]1(c2cccc(c2C(=O)C2=C([C@]3([C@@H]([C@@H](C(=C(C3=O)C(=N)O)O)N(C)C)[C@@H]([C@H]12)O)O)O)O)O,-3.14,"InChI=1/C22H24N2O9/c1-21(32)7-5-4-6-8(25)9(7)15(26)10-12(21)17(28)13-14(24(2)3)16(27)11(20(23)31)19(30)22(13,33)18(10)29/h4-6,12-14,17,25,27-29,32-33H,1-3H3,(H2,23,31)/t12-,13+,14+,17-,21+,22+/m1/s1"
353,CN(C)C(=O)C(c1ccccc1)c1ccccc1,-2.98,"InChI=1/C16H17NO/c1-17(2)16(18)15(13-9-5-3-6-10-13)14-11-7-4-8-12-14/h3-12,15H,1-2H3"
354,CC(C)N(C(C)C)C(=O)SCC(=C(Cl)Cl)Cl,-4.88,"InChI=1/C10H16Cl3NOS/c1-6(2)14(7(3)4)10(15)16-5-8(11)9(12)13/h6-7H,5H2,1-4H3"
355,CCCCN(CC)C(=O)SCCC,-3.35,"InChI=1/C10H21NOS/c1-4-7-8-11(6-3)10(12)13-9-5-2/h4-9H2,1-3H3"
356,CCCCOC(=O)c1ccc(cc1)O,-2.72,"InChI=1/C11H14O3/c1-2-3-8-14-11(13)9-4-6-10(12)7-5-9/h4-7,12H,2-3,8H2,1H3"
357,COC(=O)c1ccc(cc1)O,-1.78,"InChI=1/C8H8O3/c1-11-8(10)6-2-4-7(9)5-3-6/h2-5,9H,1H3"
358,CCOC(=O)CCC(=O)OCC,-0.96,"InChI=1/C8H14O4/c1-3-11-7(9)5-6-8(10)12-4-2/h3-6H2,1-2H3"
359,CCCCOC(=O)c1ccccc1,-3.48,"InChI=1/C11H14O2/c1-2-3-9-13-11(12)10-7-5-4-6-8-10/h4-8H,2-3,9H2,1H3"
360,COC(=O)c1ccc(cc1)N,-1.59,"InChI=1/C8H9NO2/c1-11-8(10)6-2-4-7(9)5-3-6/h2-5H,9H2,1H3"
361,CCCCCOC(=O)c1ccc(cc1)N,-3.26,"InChI=1/C12H17NO2/c1-2-3-4-9-15-12(14)10-5-7-11(13)8-6-10/h5-8H,2-4,9,13H2,1H3"
362,CCCCCCOC(=O)c1ccc(cc1)N,-3.95,"InChI=1/C13H19NO2/c1-2-3-4-5-10-16-13(15)11-6-8-12(14)9-7-11/h6-9H,2-5,10,14H2,1H3"
363,CCCCCCCCOC(=O)c1ccc(cc1)N,-5.4,"InChI=1/C15H23NO2/c1-2-3-4-5-6-7-12-18-15(17)13-8-10-14(16)11-9-13/h8-11H,2-7,12,16H2,1H3"
364,Cc1cccc(c1)N=C(C)O,-2.09,"InChI=1/C9H11NO/c1-7-4-3-5-9(6-7)10-8(2)11/h3-6H,1-2H3,(H,10,11)"
365,CC[C@H]1CCCCN1,-0.35,"InChI=1/C7H15N/c1-2-7-5-3-4-6-8-7/h7-8H,2-6H2,1H3/t7-/m0/s1"
366,CCCCOc1ccc(c(c1)N(CC)CC)C(=O)OCC,-3.84,"InChI=1/C17H27NO3/c1-5-9-12-21-14-10-11-15(17(19)20-8-4)16(13-14)18(6-2)7-3/h10-11,13H,5-9,12H2,1-4H3"
367,C=CCc1ccc(cc1)OC,-2.92,"InChI=1/C10H12O/c1-3-4-9-5-7-10(11-2)8-6-9/h3,5-8H,1,4H2,2H3"
368,COc1c(c(c(c(c1O)Cl)Cl)Cl)Cl,-4.02,"InChI=1/C7H4Cl4O2/c1-13-7-5(11)3(9)2(8)4(10)6(7)12/h12H,1H3"
369,C=C(C)[C@@H]1CC=C(C)C(=O)C1,-2.06,"InChI=1/C10H14O/c1-7(2)9-5-4-8(3)10(11)6-9/h4,9H,1,5-6H2,2-3H3/t9-/m1/s1"
370,C1(=O)C(=NC(=O)N=C1O)O,-1.25,"InChI=1/C4H2N2O4/c7-1-2(8)5-4(10)6-3(1)9/h(H2,5,6,8,9,10)"
371,c1cncnc1O,0.59,"InChI=1/C4H4N2O/c7-4-1-2-5-3-6-4/h1-3H,(H,5,6,7)"
372,C1CC(=O)N=C1O,0.3,"InChI=1/C4H5NO2/c6-3-1-2-4(7)5-3/h1-2H2,(H,5,6,7)"
373,C(CS(=O)CCCl)Cl,-1.16,InChI=1/C4H8Cl2OS/c5-1-3-8(7)4-2-6/h1-4H2
374,C([C@@H](C(=O)O)N)C(=N)O,-0.74,"InChI=1/C4H8N2O3/c5-2(4(8)9)1-3(6)7/h2H,1,5H2,(H2,6,7)(H,8,9)/t2-/m0/s1"
375,CC[C@H](C(=O)O)N,0.31,"InChI=1/C4H9NO2/c1-2-3(5)4(6)7/h3H,2,5H2,1H3,(H,6,7)/t3-/m1/s1/f/h6H"
376,c1cc(cnc1)O,-0.46,"InChI=1/C5H5NO/c7-5-2-1-3-6-4-5/h1-4,7H"
377,c1c[nH]ccc1=O,1.02,"InChI=1/C5H5NO/c7-5-1-3-6-4-2-5/h1-4H,(H,6,7)"
378,c1nc2c(N)nc[nH]c2n1,-2.12,"InChI=1/C5H5N5/c6-4-3-5(9-1-7-3)10-2-8-4/h1-2H,(H3,6,7,8,9,10)"
379,CC1(C)C(=O)N(C(=O)N1Cl)Cl,-2.6,InChI=1/C5H6Cl2N2O2/c1-5(2)3(10)8(6)4(11)9(5)7/h1-2H3
380,Cc1cc(nc(n1)S)O,-2.43,"InChI=1/C5H6N2OS/c1-3-2-4(8)7-5(9)6-3/h2H,1H3,(H2,6,7,8,9)"
381,CC[C@@H]1C(=NC(=N1)O)O,-0.06,"InChI=1/C5H8N2O2/c1-2-3-4(8)7-5(9)6-3/h3H,2H2,1H3,(H2,6,7,8,9)/t3-/m1/s1"
382,CC(=O)/N=c\1/n(C)nc(s1)S(=O)(=O)N,-1.83,"InChI=1/C5H8N4O3S2/c1-3(10)7-4-9(2)8-5(13-4)14(6,11)12/h1-2H3,(H2,6,11,12)/b7-4-"
383,C[C@@H]1CCCC[C@@H]1NC(=Nc1ccccc1)O,-4.98,"InChI=1/C14H20N2O/c1-11-7-5-6-10-13(11)16-14(17)15-12-8-3-2-4-9-12/h2-4,8-9,11,13H,5-7,10H2,1H3,(H2,15,16,17)/t11-,13+/m1/s1"
384,c1cnc2c(cncn2)n1,0.02,InChI=1/C6H4N4/c1-2-9-6-5(8-1)3-7-4-10-6/h1-4H
385,CSc1ncc2c(nccn2)n1,-2.36,"InChI=1/C7H6N4S/c1-12-7-10-4-5-6(11-7)9-3-2-8-5/h2-4H,1H3"
386,c1cnc2c(c(ncn2)S)n1,-2.77,"InChI=1/C6H4N4S/c11-6-4-5(9-3-10-6)8-2-1-7-4/h1-3H,(H,8,9,10,11)"
387,Cn1c(=O)c2c([nH]c(n2)O)nc1O,-1.56,"InChI=1/C6H6N4O3/c1-10-4(11)2-3(9-6(10)13)8-5(12)7-2/h1H3,(H,9,13)(H2,7,8,12)"
388,c1ccc(cc1)S(=O)(=O)N,-1.56,"InChI=1/C6H7NO2S/c7-10(8,9)6-4-2-1-3-5-6/h1-5H,(H2,7,8,9)"
389,C1[C@H]([C@@H]2[C@@H]([C@H](CO2)ON(=O)=O)O1)ON(=O)=O,-2.63,"InChI=1/C6H8N2O8/c9-7(10)15-3-1-13-6-4(16-8(11)12)2-14-5(3)6/h3-6H,1-2H2/t3-,4+,5-,6-/m1/s1"
390,CN(C)C(=S)SSC(=S)N(C)C,-3.9,InChI=1/C6H12N2S4/c1-7(2)5(9)11-12-6(10)8(3)4/h1-4H3
391,[C@@H]1([C@@H]([C@@H]([C@H]([C@@H]([C@H]1O)O)O)O)O)O,0.35,"InChI=1/C6H12O6/c7-1-2(8)4(10)6(12)5(11)3(1)9/h1-12H/t1-,2-,3-,4-,5+,6+/m0/s1"
392,CCCCCOC(=N)O,-1.47,"InChI=1/C6H13NO2/c1-2-3-4-5-9-6(7)8/h2-5H2,1H3,(H2,7,8)"
393,CC(C)(C)COC(=N)O,-0.8,"InChI=1/C6H13NO2/c1-6(2,3)4-9-5(7)8/h4H2,1-3H3,(H2,7,8)"
394,c1c(cc(c(c1Br)O)Br)C#N,-3.33,"InChI=1/C7H3Br2NO/c8-5-1-4(3-10)2-6(9)7(5)11/h1-2,11H"
395,c1c(cc(c(c1C(=O)O)O)I)I,-3.31,"InChI=1/C7H4I2O3/c8-3-1-4(7(11)12)6(10)5(9)2-3/h1-2,10H,(H,11,12)/f/h11H"
396,Cc1c2c(nccn2)ncn1,-0.47,"InChI=1/C7H6N4/c1-5-6-7(11-4-10-5)9-3-2-8-6/h2-4H,1H3"
397,Cc1cnc2cncnc2n1,0.06,"InChI=1/C7H6N4/c1-5-2-9-6-3-8-4-10-7(6)11-5/h2-4H,1H3"
398,COc1ncc2c(nccn2)n1,-1.11,"InChI=1/C7H6N4O/c1-12-7-10-4-5-6(11-7)9-3-2-8-5/h2-4H,1H3"
399,COc1cnc2cncnc2n1,-0.91,"InChI=1/C7H6N4O/c1-12-6-3-9-5-2-8-4-10-7(5)11-6/h2-4H,1H3"
400,CSc1c2c(nccn2)ncn1,-2.36,"InChI=1/C7H6N4S/c1-12-7-5-6(10-4-11-7)9-3-2-8-5/h2-4H,1H3"
401,CSc1cnc2cncnc2n1,-1.55,"InChI=1/C7H6N4S/c1-12-6-3-9-5-2-8-4-10-7(5)11-6/h2-4H,1H3"
402,c1ccc(c(c1)C=O)O,-0.86,"InChI=1/C7H6O2/c8-5-6-3-1-2-4-7(6)9/h1-5,9H"
403,c1c(cc(c(c1O)O)O)C(=O)O,-1.16,"InChI=1/C7H6O5/c8-4-1-3(7(11)12)2-5(9)6(4)10/h1-2,8-10H,(H,11,12)/f/h11H"
404,C[C@@H]1CCCC(=O)C1,-1.87,"InChI=1/C7H12O/c1-6-3-2-4-7(8)5-6/h6H,2-5H2,1H3/t6-/m1/s1"
405,CCCCCN=C(O)OC,-1.92,"InChI=1/C7H15NO2/c1-3-4-5-6-8-7(9)10-2/h3-6H2,1-2H3,(H,8,9)"
406,c1cc(ccc1C(=O)O)C(F)(F)F,-1.6,"InChI=1/C8H5F3O2/c9-8(10,11)6-3-1-5(2-4-6)7(12)13/h1-4H,(H,12,13)/f/h12H"
407,c1ccc(c(c1)Cl)OCC(=O)O,-2.16,"InChI=1/C8H7ClO3/c9-6-3-1-2-4-7(6)12-5-8(10)11/h1-4H,5H2,(H,10,11)/f/h10H"
408,CC(=O)OC1CCCCC1,-1.67,"InChI=1/C8H14O2/c1-7(9)10-8-5-3-2-4-6-8/h8H,2-6H2,1H3"
409,COc1cc(ccc1O)C(=O)O,-2.05,"InChI=1/C8H8O4/c1-12-7-4-5(8(10)11)2-3-6(7)9/h2-4,9H,1H3,(H,10,11)/f/h10H"
410,CC(=O)c1ccc(cc1)N,-1.61,"InChI=1/C8H9NO/c1-6(10)7-2-4-8(9)5-3-7/h2-5H,9H2,1H3"
411,CNc1ccccc1C(=O)O,-2.88,"InChI=1/C8H9NO2/c1-9-7-5-3-2-4-6(7)8(10)11/h2-5,9H,1H3,(H,10,11)/f/h10H"
412,Cc1ccc(C)c(c1)O,-1.54,"InChI=1/C8H10O/c1-6-3-4-7(2)8(9)5-6/h3-5,9H,1-2H3"
413,Cc1cccc(C)c1O,-1.31,"InChI=1/C8H10O/c1-6-4-3-5-7(2)8(6)9/h3-5,9H,1-2H3"
414,Cc1ccc(cc1C)O,-1.41,"InChI=1/C8H10O/c1-6-3-4-8(9)5-7(6)2/h3-5,9H,1-2H3"
415,C1CC2C(C(C1O2)C(=O)O)C(=O)O,-0.27,"InChI=1/C8H10O5/c9-7(10)5-3-1-2-4(13-3)6(5)8(11)12/h3-6H,1-2H2,(H,9,10)(H,11,12)/f/h9,11H"
416,CCN(CC)C(=S)SCC(=C)Cl,-3.39,"InChI=1/C8H14ClNS2/c1-4-10(5-2)8(11)12-6-7(3)9/h3-6H2,1-2H3"
417,CC(C)CC(=O)CC(=O)C,-1.6,"InChI=1/C8H14O2/c1-6(2)4-8(10)5-7(3)9/h6H,4-5H2,1-3H3"
418,C[C@H]1CC[C@H](C)CC1,-4.47,"InChI=1/C8H16/c1-7-3-5-8(2)6-4-7/h7-8H,3-6H2,1-2H3/t7-,8-"
419,C[C@H]1CCCC[C@@H]1C,-4.27,"InChI=1/C8H16/c1-7-5-3-4-6-8(7)2/h7-8H,3-6H2,1-2H3/t7-,8-/m0/s1"
420,CCCC1CCCC1,-4.74,"InChI=1/C8H16/c1-2-5-8-6-3-4-7-8/h8H,2-7H2,1H3"
421,CC(C(=O)O)Oc1ccc(cc1Cl)Cl,-2.45,"InChI=1/C9H8Cl2O3/c1-5(9(12)13)14-8-3-2-6(10)4-7(8)11/h2-5H,1H3,(H,12,13)/f/h12H"
422,CC(C(=O)O)Oc1ccccc1Cl,-2.22,"InChI=1/C9H9ClO3/c1-6(9(11)12)13-8-5-3-2-4-7(8)10/h2-6H,1H3,(H,11,12)/f/h11H"
423,Cc1cc(ccc1OCC(=O)O)Cl,-2.23,"InChI=1/C9H9ClO3/c1-6-4-7(10)2-3-8(6)13-5-9(11)12/h2-4H,5H2,1H3,(H,11,12)/f/h11H"
424,c1ccc(cc1)CCC(=O)O,-1.41,"InChI=1/C9H10O2/c10-9(11)7-6-8-4-2-1-3-5-8/h1-5H,6-7H2,(H,10,11)/f/h10H"
425,COc1ccc(cc1)C(=O)OC,-2.41,"InChI=1/C9H10O3/c1-11-8-5-3-7(4-6-8)9(10)12-2/h3-6H,1-2H3"
426,Cc1cccc(c1)OC(=NC)O,-1.8,"InChI=1/C9H11NO2/c1-7-4-3-5-8(6-7)12-9(11)10-2/h3-6H,1-2H3,(H,10,11)"
427,c1cc(c(cc1C[C@@H](C(=O)O)N)O)O,-1.6,"InChI=1/C9H11NO4/c10-6(9(13)14)3-5-1-2-7(11)8(12)4-5/h1-2,4,6,11-12H,3,10H2,(H,13,14)/t6-/m0/s1/f/h13H"
428,CC(C)(C(=O)O)C(C)(CC(=O)O)C(=O)O,-0.29,"InChI=1/C9H14O6/c1-8(2,6(12)13)9(3,7(14)15)4-5(10)11/h4H2,1-3H3,(H,10,11)(H,12,13)(H,14,15)/f/h10,12,14H"
429,C(CCCC(=O)O)CCCC(=O)O,-1.89,"InChI=1/C9H16O4/c10-8(11)6-4-2-1-3-5-7-9(12)13/h1-7H2,(H,10,11)(H,12,13)/f/h10,12H"
430,CCCCCCCCOC(=N)O,-3.3,"InChI=1/C9H19NO2/c1-2-3-4-5-6-7-8-12-9(10)11/h2-8H2,1H3,(H2,10,11)"
431,C1=C[C@H]2[C@@H](C1)[C@@]1(C(=C([C@]2(C1(Cl)Cl)Cl)Cl)Cl)Cl,-5.64,"InChI=1/C10H6Cl6/c11-6-7(12)9(14)5-3-1-2-4(5)8(6,13)10(9,15)16/h1-2,4-5H,3H2/t4-,5+,8+,9-/m0/s1"
432,c1ccc(cc1)n1c(=O)c(c(cn1)N)Br,-3.12,"InChI=1/C10H8BrN3O/c11-9-8(12)6-13-14(10(9)15)7-4-2-1-3-5-7/h1-6H,12H2"
433,c1cc(ccc1N)S(=O)(=O)N=c1cncc[nH]1,-3.7,"InChI=1/C10H10N4O2S/c11-8-1-3-9(4-2-8)17(15,16)14-10-7-12-5-6-13-10/h1-7H,11H2,(H,13,14)"
434,Cc1cc(ccc1O[C@H](C)C(=O)O)Cl,-2.55,"InChI=1/C10H11ClO3/c1-6-5-8(11)3-4-9(6)14-7(2)10(12)13/h3-5,7H,1-2H3,(H,12,13)/t7-/m1/s1/f/h12H"
435,C1CCc2cc(ccc2C1)O,-1.99,"InChI=1/C10H12O/c11-10-6-5-8-3-1-2-4-9(8)7-10/h5-7,11H,1-4H2"
436,CCCN=C(NS(=O)(=O)c1ccc(cc1)Cl)O,-3.03,"InChI=1/C10H13ClN2O3S/c1-2-7-12-10(14)13-17(15,16)9-5-3-8(11)4-6-9/h3-6H,2,7H2,1H3,(H2,12,13,14)"
437,CC(C)c1ccc(C)c(c1)O,-2.08,"InChI=1/C10H14O/c1-7(2)9-5-4-8(3)10(11)6-9/h4-7,11H,1-3H3"
438,c1ccc(cc1)N(CCO)CCO,-0.73,"InChI=1/C10H15NO2/c12-8-6-11(7-9-13)10-4-2-1-3-5-10/h1-5,12-13H,6-9H2"
439,CC1(C)[C@@H]2CC[C@@](C)(C2)C1=O,-1.85,"InChI=1/C10H16O/c1-9(2)7-4-5-10(3,6-7)8(9)11/h7H,4-6H2,1-3H3/t7-,10+/m1/s1"
440,C=C(C)[C@@H]1CC[C@@H](C)C(=O)C1,-2.18,"InChI=1/C10H16O/c1-7(2)9-5-4-8(3)10(11)6-9/h8-9H,1,4-6H2,2-3H3/t8-,9-/m1/s1"
441,Cc1ccc2ccc(C)nc2c1,-1.94,"InChI=1/C11H11N/c1-8-3-5-10-6-4-9(2)12-11(10)7-8/h3-7H,1-2H3"
442,Cc1ccnc(n1)NS(=O)(=O)c1ccc(cc1)N,-2.85,"InChI=1/C11H12N4O2S/c1-8-6-7-13-11(14-8)15-18(16,17)10-4-2-9(12)3-5-10/h2-7H,12H2,1H3,(H,13,14,15)"
443,Cc1c(C)oc(n1)NS(=O)(=O)c1ccc(cc1)N,-2.44,"InChI=1/C11H13N3O3S/c1-7-8(2)17-11(13-7)14-18(15,16)10-5-3-9(12)4-6-10/h3-6H,12H2,1-2H3,(H,13,14)"
444,CCSC(=O)N(CC(C)C)CC(C)C,-3.68,"InChI=1/C11H23NOS/c1-6-14-11(13)12(7-9(2)3)8-10(4)5/h9-10H,6-8H2,1-5H3"
445,c1cc(ccc1O)O.C1=CC(=O)C=CC1=O,-1.73,"InChI=1/C6H6O2.C6H4O2/c2*7-5-1-2-6(8)4-3-5/h1-4,7-8H;1-4H"
446,C#C[C@@H](C)N(C)C(=O)Nc1ccc(cc1)Cl,-3.9,"InChI=1/C12H13ClN2O/c1-4-9(2)15(3)12(16)14-11-7-5-10(13)6-8-11/h1,5-9H,2-3H3,(H,14,16)/t9-/m1/s1"
447,Cc1cc(nc(C)n1)NS(=O)(=O)c1ccc(cc1)N,-2.24,"InChI=1/C12H14N4O2S/c1-8-7-12(15-9(2)14-8)16-19(17,18)11-5-3-10(13)4-6-11/h3-7H,13H2,1-2H3,(H,14,15,16)"
448,CC(C)(C)c1nnc(NS(=O)(=O)C2=CC[C@@H](CC2)N)s1,-3.74,"InChI=1/C12H20N4O2S2/c1-12(2,3)10-14-15-11(19-10)16-20(17,18)9-6-4-8(13)5-7-9/h6,8H,4-5,7,13H2,1-3H3,(H,15,16)/t8-/m0/s1"
449,CCCCN=C(NS(=O)(=O)c1ccc(C)cc1)O,-3.39,"InChI=1/C12H18N2O3S/c1-3-4-9-13-12(15)14-18(16,17)11-7-5-10(2)6-8-11/h5-8H,3-4,9H2,1-2H3,(H2,13,14,15)"
450,CCCCN(CCCC)CCCC,-3.12,"InChI=1/C12H27N/c1-4-7-10-13(11-8-5-2)12-9-6-3/h4-12H2,1-3H3"
451,c1ccc(cc1)N=C(Nc1ccccc1)O,-3.15,"InChI=1/C13H12N2O/c16-13(14-11-7-3-1-4-8-11)15-12-9-5-2-6-10-12/h1-10H,(H2,14,15,16)"
452,Cc1c(cc(c(c1N(=O)=O)OC(=O)C)C(C)(C)C)N(=O)=O,-4.47,"InChI=1/C13H16N2O6/c1-7-10(14(17)18)6-9(13(3,4)5)12(21-8(2)16)11(7)15(19)20/h6H,1-5H3"
453,CCCCCCCCCCCC(=O)OC,-4.69,"InChI=1/C13H26O2/c1-3-4-5-6-7-8-9-10-11-12-13(14)15-2/h3-12H2,1-2H3"
454,c1ccc(c(c1)C(=C(Cl)Cl)c1ccc(cc1)Cl)Cl,-6.36,InChI=1/C14H8Cl4/c15-10-7-5-9(6-8-10)13(14(17)18)11-3-1-2-4-12(11)16/h1-8H
455,c1ccc2c(c1)C(=O)c1ccc(c(c1C2=O)O)O,-2.78,"InChI=1/C14H8O4/c15-10-6-5-9-11(14(10)18)13(17)8-4-2-1-3-7(8)12(9)16/h1-6,15,18H"
456,c1cc(c(c(c1)F)C(=NC(=O)Nc1ccc(cc1)Cl)O)F,-6.02,"InChI=1/C14H9ClF2N2O2/c15-8-4-6-9(7-5-8)18-14(21)19-13(20)12-10(16)2-1-3-11(12)17/h1-7H,(H2,18,19,20,21)"
457,c1ccc(c(c1)[C@@H](c1ccc(cc1)Cl)C(Cl)Cl)Cl,-6.51,"InChI=1/C14H10Cl4/c15-10-7-5-9(6-8-10)13(14(17)18)11-3-1-2-4-12(11)16/h1-8,13-14H/t13-/m1/s1"
458,c1ccc(c(c1)C(=O)O)Nc1cccc(c1)C(F)(F)F,-4.36,"InChI=1/C14H10F3NO2/c15-14(16,17)9-4-3-5-10(8-9)18-12-7-2-1-6-11(12)13(19)20/h1-8,18H,(H,19,20)/f/h19H"
459,c1ccc2c(c1)cc1ccccc1c2O,-4.73,"InChI=1/C14H10O/c15-14-12-7-3-1-5-10(12)9-11-6-2-4-8-13(11)14/h1-9,15H"
460,Cc1cccc(c1C)Nc1ccccc1C(=O)O,-2.28,"InChI=1/C15H15NO2/c1-10-6-5-9-13(11(10)2)16-14-8-4-3-7-12(14)15(17)18/h3-9,16H,1-2H3,(H,17,18)/f/h17H"
461,Cc1cc(ccc1NS(=O)(=O)C(F)(F)F)S(=O)(=O)c1ccccc1,-3.8,"InChI=1/C14H12F3NO4S2/c1-10-9-12(23(19,20)11-5-3-2-4-6-11)7-8-13(10)18-24(21,22)14(15,16)17/h2-9,18H,1H3"
462,Cc1ccc2c(c1)sc(c1ccc(cc1)N)n2,-3.68,"InChI=1/C14H12N2S/c1-9-2-7-12-13(8-9)17-14(16-12)10-3-5-11(15)6-4-10/h2-8H,15H2,1H3"
463,c1ccc(cc1)C[C@H](c1ccccc1)O,-2.52,"InChI=1/C14H14O/c15-14(13-9-5-2-6-10-13)11-12-7-3-1-4-8-12/h1-10,14-15H,11H2/t14-/m1/s1"
464,CCOP(=S)(OCC)Oc1ccc2c(C)c(c(=O)oc2c1)Cl,-5.38,"InChI=1/C14H16ClO5PS/c1-4-17-21(22,18-5-2)20-10-6-7-11-9(3)13(15)14(16)19-12(11)8-10/h6-8H,4-5H2,1-3H3"
465,CN(C)CCN(Cc1cccs1)c1ccccn1,-2.64,"InChI=1/C14H19N3S/c1-16(2)9-10-17(12-13-6-5-11-18-13)14-7-3-4-8-15-14/h3-8,11H,9-10,12H2,1-2H3"
466,C[C@H]1CCCC[C@H]1NC(=Nc1ccccc1)O,-4.11,"InChI=1/C14H20N2O/c1-11-7-5-6-10-13(11)16-14(17)15-12-8-3-2-4-9-12/h2-4,8-9,11,13H,5-7,10H2,1H3,(H2,15,16,17)/t11-,13+/m0/s1"
467,Cc1cccc(c1C)Nc1ccccc1C(=O)O,-3.78,"InChI=1/C15H15NO2/c1-10-6-5-9-13(11(10)2)16-14-8-4-3-7-12(14)15(17)18/h3-9,16H,1-2H3,(H,17,18)/f/h17H"
468,CC(=CCc1c(ccc2ccc(=O)oc12)OC)C,-4.31,"InChI=1/C15H16O3/c1-10(2)4-7-12-13(17-3)8-5-11-6-9-14(16)18-15(11)12/h4-6,8-9H,7H2,1-3H3"
469,CCc1cccc(C)c1N([C@H](C)COC)C(=O)CCl,-2.73,"InChI=1/C15H22ClNO2/c1-5-13-8-6-7-11(2)15(13)17(14(18)9-16)12(3)10-19-4/h6-8,12H,5,9-10H2,1-4H3/t12-/m1/s1"
470,C1CCN2C[C@@H]3C[C@@H](CN4CCCC[C@H]34)[C@H]2C1,-1.89,"InChI=1/C15H26N2/c1-3-7-16-11-13-9-12(14(16)5-1)10-17-8-4-2-6-15(13)17/h12-15H,1-11H2/t12-,13-,14+,15+/m0/s1"
471,CCCCCCCCCCCCCCC(=O)O,-4.31,"InChI=1/C15H30O2/c1-2-3-4-5-6-7-8-9-10-11-12-13-14-15(16)17/h2-14H2,1H3,(H,16,17)/f/h16H"
472,CN(C)C(=O)Nc1ccc(cc1)Oc1ccc(cc1)OC,-4.16,"InChI=1/C16H18N2O3/c1-18(2)16(19)17-12-4-6-14(7-5-12)21-15-10-8-13(20-3)9-11-15/h4-11H,1-3H3,(H,17,19)"
473,CCCCCCCCCCCCCCCCO,-7.26,"InChI=1/C16H34O/c1-2-3-4-5-6-7-8-9-10-11-12-13-14-15-16-17/h17H,2-16H2,1H3"
474,c1ccc(c(c1)[C@@](c1ccc(cc1)Cl)(c1cncnc1)O)Cl,-4.38,"InChI=1/C17H12Cl2N2O/c18-14-7-5-12(6-8-14)17(22,13-9-20-11-21-10-13)15-3-1-2-4-16(15)19/h1-11,22H/t17-/m1/s1"
475,CCN(CC)C(=O)[C@@H](C)Oc1cccc2ccccc12,-3.57,"InChI=1/C17H21NO2/c1-4-18(5-2)17(19)13(3)20-16-12-8-10-14-9-6-7-11-15(14)16/h6-13H,4-5H2,1-3H3/t13-/m1/s1"
476,CNCCCN1c2ccccc2CCc2ccccc12,-3.66,"InChI=1/C18H22N2/c1-19-13-6-14-20-17-9-4-2-7-15(17)11-12-16-8-3-5-10-18(16)20/h2-5,7-10,19H,6,11-14H2,1H3"
477,CC[C@@H](c1ccc(cc1)O)[C@@H](CC)c1ccc(cc1)O,-4.43,"InChI=1/C18H22O2/c1-3-17(13-5-9-15(19)10-6-13)18(4-2)14-7-11-16(20)12-8-14/h5-12,17-20H,3-4H2,1-2H3/t17-,18-/m0/s1"
478,C[C@@]12CC[C@H]3c4ccc(cc4CC[C@@H]3[C@H]1CC[C@@H]2O)O,-4.84,"InChI=1/C18H24O2/c1-18-9-8-14-13-5-3-12(19)10-11(13)2-4-15(14)16(18)6-7-17(18)20/h3,5,10,14-17,19-20H,2,4,6-9H2,1H3/t14-,15-,16+,17-,18+/m0/s1"
479,C=C[C@@H]1CN2CC[C@H]1C[C@@H]2[C@@H](c1ccnc2ccccc12)O,-3.09,"InChI=1/C19H22N2O/c1-2-13-12-21-10-8-14(13)11-18(21)19(22)16-7-9-20-17-6-4-3-5-15(16)17/h2-7,9,13-14,18-19,22H,1,8,10-12H2/t13-,14+,18-,19-/m1/s1"
480,C[C@]12CC[C@H](C[C@@H]1CC[C@@H]1[C@@H]3CCC(=O)[C@@]3(C)CC[C@@H]21)O,-4.4,"InChI=1/C19H30O2/c1-18-9-7-13(20)11-12(18)3-4-14-15-5-6-17(21)19(15,2)10-8-16(14)18/h12-16,20H,3-11H2,1-2H3/t12-,13+,14+,15-,16+,18-,19-/m0/s1"
481,C[C@]12CC[C@H](C[C@@H]1CC[C@@H]1[C@@H]3CCC(=O)[C@@]3(C)C[C@@H]([C@@H]21)O)O,-3.59,"InChI=1/C19H30O3/c1-18-8-7-12(20)9-11(18)3-4-13-14-5-6-16(22)19(14,2)10-15(21)17(13)18/h11-15,17,20-21H,3-10H2,1-2H3/t11-,12+,13+,14-,15-,17-,18-,19-/m0/s1"
482,CN(C)CCC=C1c2ccccc2CCc2ccccc12,-4.46,"InChI=1/C20H23N/c1-21(2)15-7-12-20-18-10-5-3-8-16(18)13-14-17-9-4-6-11-19(17)20/h3-6,8-12H,7,13-15H2,1-2H3"
483,CN1CCN(CCCN2c3ccccc3Sc3ccc(cc23)Cl)CC1,-4.4,"InChI=1/C20H24ClN3S/c1-22-11-13-23(14-12-22)9-4-10-24-17-5-2-3-6-19(17)25-20-8-7-16(21)15-18(20)24/h2-3,5-8,15H,4,9-14H2,1H3"
484,C=C[C@@H]1CN2CC[C@@H]1C[C@H]2[C@@H](c1ccnc2ccc(cc12)OC)O,-2.76,"InChI=1/C20H24N2O2/c1-3-13-12-22-9-7-14(13)10-19(22)20(23)16-6-8-21-18-5-4-15(24-2)11-17(16)18/h3-6,8,11,13-14,19-20,23H,1,7,9-10,12H2,2H3/t13-,14-,19+,20-/m1/s1"
485,Cc1c(CC(=O)O)c2cc(ccc2n1C(=O)C=Cc1ccccc1)OC,-5.54,"InChI=1/C21H19NO4/c1-14-17(13-21(24)25)18-12-16(26-2)9-10-19(18)22(14)20(23)11-8-15-6-4-3-5-7-15/h3-12H,13H2,1-2H3,(H,24,25)/f/h24H"
486,CC1(C)[C@@H](C=C(Cl)Cl)[C@@H]1C(=O)OCc1cccc(c1)Oc1ccccc1,-6.29,"InChI=1/C21H20Cl2O3/c1-21(2)17(12-18(22)23)19(21)20(24)25-13-14-7-6-10-16(11-14)26-15-8-4-3-5-9-15/h3-12,17,19H,13H2,1-2H3/t17-,19+/m0/s1"
487,CN(C)[C@@H]1[C@H]2C[C@H]3C(=C([C@@]2(C(=O)C(=C1O)C(=N)O)O)O)C(=O)c1c(ccc(c1[C@@H]3O)Cl)O,-2.52,"InChI=1/C21H21ClN2O8/c1-24(2)14-7-5-6-10(16(27)12-9(25)4-3-8(22)11(12)15(6)26)18(29)21(7,32)19(30)13(17(14)28)20(23)31/h3-4,6-7,14-15,25-26,28-29,32H,5H2,1-2H3,(H2,23,31)/t6-,7+,14+,15+,21-/m0/s1"
488,c1ccc2c(c1)N(CCCN1CCC(CC1)O)c1cc(ccc1S2)C#N,-3.98,"InChI=1/C21H23N3OS/c22-15-16-6-7-21-19(14-16)24(18-4-1-2-5-20(18)26-21)11-3-10-23-12-8-17(25)9-13-23/h1-2,4-7,14,17,25H,3,8-13H2"
489,C#C[C@@]1(CC[C@@H]2[C@H]3CCC4=CC(=O)CC[C@@]4(C)[C@@H]3CC[C@@]12C)O,-5.66,"InChI=1/C21H28O2/c1-4-21(23)12-9-18-16-6-5-14-13-15(22)7-10-19(14,2)17(16)8-11-20(18,21)3/h1,13,16-18,23H,5-12H2,2-3H3/t16-,17+,18+,19+,20+,21-/m0/s1"
490,CC(=O)[C@@H]1CC[C@@H]2[C@H]3CC=C4C[C@H](CC[C@]4(C)[C@@H]3CC[C@@]12C)O,-4.65,"InChI=1/C21H32O2/c1-13(22)17-6-7-18-16-5-4-14-12-15(23)8-10-20(14,2)19(16)9-11-21(17,18)3/h4,15-19,23H,5-12H2,1-3H3/t15-,16+,17-,18+,19+,20-,21-/m0/s1"
491,CCOC(=O)C(c1c(c2ccccc2oc1=O)O)c1c(c2ccccc2oc1=O)O,-3.66,"InChI=1/C22H16O8/c1-2-28-20(25)15(16-18(23)11-7-3-5-9-13(11)29-21(16)26)17-19(24)12-8-4-6-10-14(12)30-22(17)27/h3-10,15,23-24H,2H2,1H3"
492,CN1CCc2cc3c(c(c2[C@@H]1[C@H]1c2ccc(c(c2C(=O)O1)OC)OC)OC)OCO3,-3.14,"InChI=1/C22H23NO7/c1-23-8-7-11-9-14-20(29-10-28-14)21(27-4)15(11)17(23)18-12-5-6-13(25-2)19(26-3)16(12)22(24)30-18/h5-6,9,17-18H,7-8,10H2,1-4H3/t17-,18-/m1/s1"
493,C[C@H]1c2cccc(c2C(=O)C2=C([C@]3([C@@H]([C@@H](C(=C(C3=O)C(=N)O)O)N(C)C)[C@H]([C@@H]12)O)O)O)O,-2.87,"InChI=1/C22H24N2O8/c1-7-8-5-4-6-9(25)11(8)16(26)12-10(7)17(27)14-15(24(2)3)18(28)13(21(23)31)20(30)22(14,32)19(12)29/h4-7,10,14-15,17,25,27-29,32H,1-3H3,(H2,23,31)/t7-,10-,14-,15-,17-,22-/m0/s1"
494,CC(=C[C@@H]1[C@@H](C(=O)OCc2cccc(c2)Oc2ccccc2)C1(C)C)C,-5.24,"InChI=1/C23H26O3/c1-16(2)13-20-21(23(20,3)4)22(24)25-15-17-9-8-12-19(14-17)26-18-10-6-5-7-11-18/h5-14,20-21H,15H2,1-4H3/t20-,21+/m1/s1"
495,CC(=O)OCCN1CCN(CCCN2c3ccccc3Sc3ccc(cc23)Cl)CC1,-4.95,"InChI=1/C23H28ClN3O2S/c1-18(28)29-16-15-26-13-11-25(12-14-26)9-4-10-27-20-5-2-3-6-22(20)30-23-8-7-19(24)17-21(23)27/h2-3,5-8,17H,4,9-16H2,1H3"
496,CC(=O)OCCN1CCN(CCCN2c3ccccc3Sc3ccc(cc23)Cl)CC1,-4.7,"InChI=1/C23H28ClN3O2S/c1-18(28)29-16-15-26-13-11-25(12-14-26)9-4-10-27-20-5-2-3-6-22(20)30-23-8-7-19(24)17-21(23)27/h2-3,5-8,17H,4,9-16H2,1H3"
